order_placement,customer_name,time_of_order,location,product_id,quantity,payment_method
2025-04-26 18:30:18.397769,Holly Garza,21:16:27,"North Josephmouth, Texas, Mayotte - 14361",ELEC-LAP-0004,1,Debit Card
2025-04-25 04:39:59.312418,Christina Daniel,13:18:15,"South Mariamouth, California, Tajikistan - 70122",GROC-BEV-0007,5,Paypal
2025-04-11 09:54:17.196556,Jennifer Ray,13:54:45,"Lake Mary, Nevada, Azerbaijan - 56926",ELEC-LAP-0002,1,Credit Card
2025-04-16 12:44:17.713403,Jeff Hernandez,08:51:55,"Derekburgh, Maryland, Afghanistan - 01237",FURN-CHR-0002,5,Paypal
2025-04-14 16:01:20.812293,Jared Sanchez,13:56:13,"West Dawnton, Minnesota, Montenegro - 86077",ELEC-CAM-0006,1,Debit Card
2025-04-04 23:51:10.103614,Terry Parker,06:22:04,"South Lori, Oregon, Micronesia - 95699",GROC-VEG-0008,5,Credit Card
2025-04-30 23:59:22.511366,Charles Matthews,10:32:12,"Port Nicole, Alabama, Lesotho - 62086",GROC-BEV-0009,5,Credit Card
2025-04-04 05:35:12.961686,Kimberly Thompson,04:13:16,"West Bryan, Nevada, Gambia - 35832",FURN-BED-0007,3,Paypal
2025-04-10 20:49:12.722753,Emily Perez,22:27:03,"Caitlinland, Florida, Dominica - 92918",ELEC-CAM-0002,3,Debit Card
2025-04-07 15:00:08.555845,Joel Johnston,20:03:57,"Port Cynthia, Oregon, Cook Islands - 20218",APPR-SHT-0001,4,Paypal
2025-04-23 19:19:34.572519,Aaron Sanchez,05:29:38,"North Kellytown, New York, Maldives - 10489",FURN-CAB-0004,2,Paypal
2025-04-21 19:25:43.491810,Dr. Gregory Ruiz,10:02:25,"Davieston, Missouri, American Samoa - 50577",APPR-SHS-0005,3,Debit Card
2025-04-04 01:13:25.389631,Lisa Cooper,13:18:48,"Port Steven, Arkansas, French Southern Territories - 44688",AUTO-FIL-0005,3,Debit Card
2025-04-03 21:08:00.631616,Bobby Fuentes,22:02:00,"Jamesbury, New Jersey, Comoros - 52959",APPR-SHT-0010,1,Debit Card
2025-05-02 01:17:02.535310,John Chapman,11:17:35,"South Travisstad, New York, Bahrain - 49068",APPR-SHT-0009,2,Debit Card
2025-04-16 19:17:28.293935,Joshua Castro,20:03:06,"South Eric, California, American Samoa - 97578",GROC-VEG-0001,2,Paypal
2025-04-19 13:25:34.853595,Benjamin Tapia,20:17:48,"South Robertton, North Carolina, Mauritania - 70747",AUTO-BAT-0005,3,Paypal
2025-04-28 14:35:15.989050,Joshua Williams,00:26:16,"Jimmyview, Georgia, French Guiana - 17765",GROC-BEV-0009,1,Credit Card
2025-04-10 05:18:55.001052,Cassandra Barber,03:46:56,"Keithfurt, Tennessee, Tuvalu - 87808",AUTO-BAT-0005,5,Debit Card
2025-04-21 20:40:21.720615,Amber Gregory,05:13:44,"New Sandrafort, Utah, Guadeloupe - 09475",APPR-JKT-0001,3,Credit Card
2025-04-30 11:05:44.104498,Whitney Ray,01:39:47,"Watkinsshire, Florida, American Samoa - 87413",AUTO-OIL-0002,2,Paypal
2025-04-19 04:22:32.499102,David Williams,08:02:59,"Hernandezland, South Dakota, Palau - 14821",GROC-BEV-0004,1,Debit Card
2025-05-03 09:07:40.775762,Ashley Jenkins,22:23:50,"South Robertburgh, Iowa, Fiji - 65293",FURN-CAB-0003,1,Credit Card
2025-04-05 06:10:10.905060,Sarah Camacho,01:21:13,"Rachelhaven, Texas, Taiwan - 30133",ELEC-SM-0003,2,Credit Card
2025-04-26 22:05:16.802866,Danielle Chapman,07:24:39,"Williamston, Pennsylvania, Italy - 66934",ELEC-TAB-0001,4,Credit Card
2025-04-08 03:29:45.498580,Kathleen Nelson,20:40:09,"South Joshua, Utah, Vanuatu - 52121",ELEC-LAP-0003,4,Debit Card
2025-04-04 14:34:39.007061,Felicia Nelson,22:05:31,"Port Laurastad, California, Cocos (Keeling) Islands - 26126",GROC-BEV-0005,3,Credit Card
2025-04-07 17:10:07.042459,Brandon Castro,10:53:45,"Hatfieldview, Illinois, Greece - 80112",AUTO-FIL-0003,2,Paypal
2025-04-20 06:20:02.295870,Mary Ramos,02:58:56,"Alvaradochester, Delaware, Holy See (Vatican City State) - 11625",GROC-SNK-0003,1,Paypal
2025-05-02 18:13:53.149098,Michael Martin,11:36:44,"North Tammy, Washington, Belize - 50274",FURN-CHR-0007,1,Credit Card
2025-04-22 20:53:50.142863,Mary Smith,00:43:53,"North Sean, Oregon, Djibouti - 23806",ELEC-CAM-0004,3,Credit Card
2025-04-30 16:09:02.375671,Keith Rasmussen,16:12:05,"Carterview, New York, Sudan - 06664",APPR-SHS-0003,5,Debit Card
2025-04-25 13:09:39.074006,Craig Montoya,19:34:33,"Anatown, Georgia, Palau - 58475",GROC-VEG-0003,1,Debit Card
2025-04-07 08:36:52.671843,Kelly Weaver,09:14:18,"North Luis, Tennessee, Samoa - 56601",ELEC-LAP-0001,3,Debit Card
2025-05-02 05:01:13.480264,Edward Weber,17:58:32,"Lemouth, Connecticut, Ireland - 67697",APPR-JKT-0003,2,Credit Card
2025-04-29 10:22:02.278278,Travis Olson,21:41:07,"Ramseyshire, Colorado, Poland - 71488",FURN-BED-0003,3,Credit Card
2025-04-09 06:27:28.712419,Tammy Hampton,15:51:24,"Estesmouth, Iowa, Kiribati - 91018",AUTO-FIL-0008,4,Credit Card
2025-04-04 08:51:09.858814,Justin Hawkins,06:45:49,"Port Brianna, Rhode Island, Martinique - 78384",ELEC-CAM-0008,4,Credit Card
2025-04-29 23:49:45.233637,Anthony Fox,05:45:26,"Lake Cesar, Rhode Island, Saint Martin - 86058",ELEC-CAM-0003,5,Debit Card
2025-04-25 20:21:01.910768,Nicholas Taylor,07:04:17,"Natashastad, New York, Malawi - 49794",GROC-FRT-0001,1,Paypal
2025-04-26 22:36:36.247875,Sarah Gray,04:07:46,"Lake Anthony, Maryland, Puerto Rico - 50757",FURN-BED-0003,2,Credit Card
2025-04-17 08:54:05.613599,Donald Patel,23:59:07,"Tuckerburgh, North Dakota, Papua New Guinea - 03675",GROC-FRT-0004,5,Credit Card
2025-05-02 22:52:11.280333,Christopher Little,02:51:47,"South Russell, California, Luxembourg - 70123",AUTO-FIL-0004,2,Paypal
2025-04-05 02:51:35.823012,Lawrence Bailey,02:54:49,"Jessicamouth, North Dakota, Estonia - 03248",ELEC-TAB-0002,3,Debit Card
2025-04-06 02:34:15.632084,Lucas Henderson,15:09:49,"Troyfort, Florida, Norfolk Island - 66273",AUTO-FIL-0008,4,Credit Card
2025-04-12 15:43:18.836532,Theresa Zimmerman,06:06:51,"Lake Michael, New York, Norway - 85141",FURN-CAB-0005,4,Debit Card
2025-04-18 00:40:28.178604,Kristen Pierce,06:24:02,"South Deborah, Tennessee, Libyan Arab Jamahiriya - 84252",FURN-CHR-0009,5,Credit Card
2025-04-28 01:23:14.574011,Rachael Foster,09:14:20,"New Jasonshire, Wyoming, Equatorial Guinea - 29353",APPR-JNS-0002,4,Paypal
2025-04-04 10:23:33.646919,Carrie Freeman,18:17:29,"West Brittney, Virginia, Azerbaijan - 94842",FURN-BED-0001,3,Credit Card
2025-04-11 05:47:27.987276,Alexis Avila,13:37:39,"Port Alexandriamouth, Nevada, Comoros - 33103",APPR-SHT-0009,5,Credit Card
2025-04-18 07:49:30.498482,Erica Cole,03:36:55,"East Christianchester, Vermont, Sudan - 21399",GROC-FRT-0004,3,Paypal
2025-04-30 13:06:50.800096,Nicholas Jackson,22:18:18,"Alyssaville, New Hampshire, Qatar - 43486",FURN-CHR-0002,3,Paypal
2025-04-06 20:28:43.636363,Paige Li,13:53:22,"East Ryanmouth, Utah, Germany - 56507",FURN-BED-0004,5,Credit Card
2025-04-22 04:05:11.122287,Troy Rodriguez,18:10:36,"Lake Billyside, West Virginia, Peru - 48545",GROC-FRT-0001,2,Credit Card
2025-04-28 20:16:26.673239,Perry Long,16:55:41,"Williamsland, Tennessee, Norfolk Island - 04273",APPR-SHS-0002,1,Paypal
2025-04-08 16:19:44.023175,Linda Gill,02:30:17,"North Brandon, Indiana, Singapore - 52061",ELEC-CAM-0003,4,Debit Card
2025-04-11 19:44:22.137605,Caroline Graham,18:52:47,"New Dominiquemouth, Michigan, Saint Kitts and Nevis - 14393",AUTO-FIL-0006,4,Paypal
2025-04-24 07:08:36.385033,Kevin Andrews,07:27:23,"Curryport, Wyoming, Philippines - 86170",APPR-SHS-0008,2,Credit Card
2025-04-17 00:54:04.785872,Vicki Lang,00:24:49,"Ryanside, Oklahoma, Denmark - 33674",APPR-SHT-0005,2,Paypal
2025-05-03 05:28:13.051411,Tina Bell,10:36:45,"North Nicholaston, Tennessee, Iraq - 59662",APPR-SHS-0007,1,Debit Card
2025-05-01 08:03:50.359177,Brett Campos,19:52:05,"Walkerborough, Delaware, Estonia - 39795",AUTO-FIL-0009,2,Paypal
2025-04-27 15:59:45.163734,Ryan Robinson,02:53:38,"Walkerberg, Washington, Niger - 44271",APPR-JNS-0001,1,Paypal
2025-04-07 00:03:45.542616,Jonathan Hill,23:27:13,"Christopherfort, Wisconsin, Cape Verde - 83781",AUTO-FIL-0003,3,Credit Card
2025-04-22 07:48:39.600993,Sarah Lee DDS,09:46:37,"West Jerryview, Texas, Cambodia - 23873",APPR-SHS-0001,4,Paypal
2025-04-13 11:49:44.144876,Jane Vargas,17:55:43,"Lake Joseph, Virginia, Marshall Islands - 26536",ELEC-CAM-0004,4,Credit Card
2025-04-19 01:14:38.032665,Christopher Fisher,10:33:13,"Lake Kristine, Virginia, Korea - 25316",FURN-CHR-0006,2,Debit Card
2025-04-04 08:25:14.137678,Mary Simon,09:25:36,"East George, Utah, Taiwan - 54534",ELEC-LAP-0003,5,Paypal
2025-04-08 05:36:09.933578,Kimberly Morris,00:59:18,"New Jeremyside, Georgia, Pakistan - 36785",GROC-FRT-0006,2,Credit Card
2025-04-28 05:44:12.233387,Jonathan Rogers,04:51:37,"West Billy, Kentucky, Nepal - 10041",FURN-BED-0004,2,Paypal
2025-04-29 07:20:27.912981,Christopher Moore II,02:56:13,"North Brandonmouth, Montana, Cambodia - 72884",APPR-JNS-0002,3,Credit Card
2025-04-26 11:26:41.979893,David Armstrong,07:34:24,"New Manuel, Mississippi, Myanmar - 64230",AUTO-FIL-0008,1,Credit Card
2025-04-27 10:58:44.941096,Katherine Reynolds,20:21:54,"East Michellefort, New Hampshire, Peru - 23834",APPR-SHS-0003,4,Paypal
2025-04-25 05:36:42.536989,Matthew Hoffman,17:38:50,"South Michele, Michigan, Gabon - 24623",AUTO-FIL-0002,3,Credit Card
2025-05-02 15:57:01.501974,Katherine Fields,06:55:47,"Miguelstad, Ohio, Myanmar - 27680",APPR-JKT-0002,1,Debit Card
2025-04-25 00:04:59.110414,Stephanie Perez,05:01:43,"East Michaelburgh, North Dakota, Kuwait - 48049",ELEC-CAM-0008,3,Paypal
2025-04-24 10:59:32.423071,Thomas Johnson,16:27:03,"Thomastown, Tennessee, Australia - 10058",AUTO-TIR-0004,5,Paypal
2025-04-16 08:45:21.603468,Jeffrey Odonnell,18:46:53,"Smithburgh, Michigan, Pakistan - 31845",APPR-JNS-0001,1,Credit Card
2025-04-14 17:49:47.882919,Caroline Singleton,18:07:15,"North Corey, Michigan, Chile - 77106",ELEC-SM-0007,3,Debit Card
2025-04-11 17:45:59.426647,Nicholas Raymond,23:08:47,"West Kimberlyville, Kansas, United Kingdom - 46920",GROC-BEV-0006,3,Credit Card
2025-04-21 10:57:19.669094,Lauren Roy,18:54:50,"Maryport, New Hampshire, Singapore - 53962",GROC-VEG-0008,1,Debit Card
2025-04-10 17:06:57.036800,Caitlin Davis,01:40:13,"Websterside, Illinois, Grenada - 70194",APPR-JKT-0001,2,Credit Card
2025-04-20 10:07:12.701336,Madison Klein,01:08:35,"Lake Ronaldfurt, Vermont, Albania - 82573",ELEC-LAP-0007,1,Paypal
2025-04-11 12:34:25.629047,Dr. Felicia Parker DDS,04:04:55,"Lake James, Alabama, Saint Vincent and the Grenadines - 09753",ELEC-TAB-0002,1,Credit Card
2025-04-05 11:08:19.717434,James Lynch,02:53:37,"Melissafort, Ohio, Belgium - 80798",ELEC-CAM-0009,2,Credit Card
2025-04-10 12:19:16.980443,Mercedes Lee,04:47:07,"North Ashley, North Dakota, United Arab Emirates - 42195",FURN-CAB-0004,4,Debit Card
2025-05-02 12:09:12.375799,John Gibson,20:50:53,"Delgadomouth, Maine, Malta - 34577",ELEC-CAM-0009,1,Credit Card
2025-04-24 08:02:32.809273,Jeffrey Willis,08:43:04,"Elizabethville, New Mexico, Vanuatu - 92896",GROC-FRT-0005,2,Debit Card
2025-04-27 05:58:12.391776,Marcus Rojas,20:50:04,"Robinsonside, South Dakota, Ethiopia - 97054",AUTO-FIL-0004,1,Credit Card
2025-04-21 14:54:07.081769,Patrick Young,07:02:56,"East Anthonyview, Pennsylvania, American Samoa - 29994",FURN-CHR-0006,3,Paypal
2025-04-27 13:49:05.415897,Jeffrey Fleming,19:44:38,"Sheilastad, Louisiana, Australia - 74381",FURN-CHR-0003,3,Credit Card
2025-04-19 00:20:29.845891,Angela Smith,17:24:11,"Port Pedro, Wyoming, Tonga - 18132",APPR-SHS-0001,2,Paypal
2025-05-02 06:02:26.882653,Richard Raymond DVM,02:36:32,"Clarkshire, New Jersey, British Virgin Islands - 66069",APPR-SHS-0003,3,Credit Card
2025-05-02 13:34:33.264467,Glenn Sanchez,12:52:30,"Michaelside, Missouri, Qatar - 73507",FURN-CHR-0003,3,Debit Card
2025-04-17 10:21:42.498192,Brenda Clark,21:56:42,"Kramerfurt, North Carolina, Sudan - 98305",ELEC-SM-0004,3,Credit Card
2025-04-20 04:29:41.317422,Stephanie Baker,08:37:21,"Meyerstown, Washington, Gabon - 05108",APPR-SHT-0011,3,Debit Card
2025-04-23 16:22:16.875643,Michael Porter,09:26:33,"Davidberg, North Carolina, Solomon Islands - 89855",ELEC-SM-0009,1,Credit Card
2025-04-18 05:56:21.634702,Kimberly Martin,20:04:03,"New Angela, Oregon, Tuvalu - 50109",AUTO-TIR-0003,3,Credit Card
2025-04-20 01:30:42.015751,Miss Jennifer Nash,05:37:45,"North Christopher, Illinois, Botswana - 62664",ELEC-CAM-0005,2,Credit Card
2025-04-07 16:02:44.235415,Matthew Strong,15:46:58,"North John, Wyoming, Niue - 61709",FURN-DSK-0005,3,Credit Card
2025-04-30 06:08:34.441113,Stacy Medina,15:24:02,"Lake Nicolemouth, Michigan, Greenland - 86504",AUTO-OIL-0001,1,Debit Card
2025-04-07 06:36:58.749855,Rebecca Waters,03:41:57,"North Kathleentown, Colorado, Liechtenstein - 04884",APPR-SHS-0008,2,Credit Card
2025-04-09 07:33:02.803419,Diane Collins,13:05:11,"Bowmanview, New Mexico, Anguilla - 17151",ELEC-CAM-0001,2,Paypal
2025-04-15 09:46:10.053318,Troy Burgess,08:49:10,"East James, Oklahoma, Malaysia - 55588",FURN-CHR-0004,5,Paypal
2025-04-07 10:40:55.080783,Andrea Morris,00:59:22,"South Jared, Kentucky, Pitcairn Islands - 76461",ELEC-CAM-0009,3,Paypal
2025-04-15 03:53:56.146509,Edwin Villegas,04:44:01,"South Davidfurt, Alaska, Greece - 81292",AUTO-BAT-0001,3,Debit Card
2025-04-28 18:27:46.853510,Rachel Wise,17:57:56,"East Amy, Oklahoma, Chile - 37045",GROC-FRT-0006,2,Paypal
2025-04-11 13:49:51.822106,Hannah Sullivan,11:55:03,"West Anthonybury, Hawaii, Kenya - 20816",AUTO-BAT-0002,5,Paypal
2025-04-29 15:36:15.463525,Kimberly Salazar,11:44:53,"Thomasbury, Iowa, Dominica - 40777",APPR-SHS-0006,1,Debit Card
2025-04-26 20:32:49.225414,Lisa Underwood,08:34:06,"Bergerburgh, Colorado, Saint Martin - 56324",FURN-BED-0006,2,Debit Card
2025-04-13 21:12:20.965506,Lisa Dean DDS,11:08:34,"East Markstad, Oklahoma, Ethiopia - 34337",GROC-BEV-0007,5,Credit Card
2025-04-25 18:07:44.936069,Robert Taylor,18:39:39,"Jonesport, South Dakota, Kazakhstan - 46551",ELEC-LAP-0007,3,Debit Card
2025-04-08 09:27:34.704408,Eric White,15:08:55,"Williamborough, Delaware, Sao Tome and Principe - 82532",ELEC-LAP-0006,2,Paypal
2025-04-16 14:44:02.979154,John Lara,16:18:38,"Port Eric, Alaska, Bosnia and Herzegovina - 80758",APPR-SHS-0001,2,Debit Card
2025-04-11 15:26:06.872236,Stacey Oneal,12:38:12,"Port Maryport, New Mexico, Iran - 16327",ELEC-LAP-0003,3,Credit Card
2025-04-04 23:42:25.002327,Anthony Medina,01:36:40,"Murilloport, Missouri, Rwanda - 66384",APPR-SHS-0004,1,Paypal
2025-04-16 20:12:33.478496,Amy Jackson,09:33:01,"West Dawnfort, New Jersey, United Kingdom - 37329",AUTO-TIR-0003,3,Paypal
2025-04-28 14:40:31.767550,Courtney Schmidt,06:26:21,"Port Elizabethmouth, Wisconsin, Bangladesh - 70249",FURN-CHR-0004,2,Credit Card
2025-04-22 09:22:35.442883,Shelley Edwards,15:33:12,"Scottfurt, Massachusetts, French Southern Territories - 35668",FURN-DSK-0006,4,Debit Card
2025-04-22 14:11:43.459936,Sabrina Mcbride,13:59:54,"South Barbara, Pennsylvania, Cambodia - 88521",GROC-FRT-0005,5,Debit Card
2025-04-23 02:29:38.821645,Joseph Clark,02:34:47,"East Larryburgh, North Carolina, South Georgia and the South Sandwich Islands - 27128",AUTO-BAT-0001,2,Paypal
2025-04-09 02:55:50.858330,Andre Nunez,08:26:49,"Cassandraburgh, Oklahoma, Nauru - 78045",APPR-JNS-0001,4,Debit Card
2025-04-26 12:45:24.733502,Allison Andrade,05:11:10,"Martinezshire, Ohio, Turks and Caicos Islands - 54474",APPR-SHS-0010,4,Paypal
2025-04-19 16:26:14.322995,Elizabeth Figueroa,15:13:22,"Lloydbury, Iowa, Brunei Darussalam - 83260",GROC-FRT-0002,4,Debit Card
2025-04-17 23:20:03.004296,Melinda Bowman,06:29:44,"Jamesside, Arkansas, Moldova - 23469",GROC-SNK-0001,1,Debit Card
2025-04-07 00:42:58.455309,Andrea Watson,22:15:12,"North Connieborough, Connecticut, Heard Island and McDonald Islands - 44778",ELEC-LAP-0010,5,Credit Card
2025-05-02 18:35:15.832475,Elizabeth Williams,17:01:37,"North Isaacbury, California, Timor-Leste - 05895",APPR-SHT-0002,2,Paypal
2025-04-28 04:39:22.295362,Sandra Farrell,09:11:47,"New Timothy, North Dakota, United Arab Emirates - 95761",ELEC-CAM-0001,3,Debit Card
2025-04-20 06:02:19.116676,Deanna Knight,09:33:03,"North Sara, West Virginia, Ethiopia - 08485",GROC-SNK-0008,2,Credit Card
2025-04-08 09:40:29.820643,David Anderson,22:49:02,"Stephenside, Florida, Hong Kong - 41312",APPR-SHS-0005,3,Debit Card
2025-04-04 10:56:19.150171,Kimberly King,14:40:04,"Port Jenniferfurt, Nebraska, Poland - 48496",APPR-SHT-0003,3,Paypal
2025-04-13 04:37:26.157021,Frank Young,04:01:28,"North Coreyland, Connecticut, El Salvador - 43737",APPR-SHT-0005,2,Credit Card
2025-04-09 06:05:46.411728,Jill Cook,11:17:56,"Diazville, Michigan, Tokelau - 57930",AUTO-FIL-0006,5,Paypal
2025-04-24 22:01:42.378903,William Padilla,16:54:28,"Port Jasonland, Georgia, Norfolk Island - 33762",FURN-DSK-0006,2,Debit Card
2025-04-27 09:32:24.884905,Andrea Wilson,17:54:05,"Nancymouth, Maryland, Argentina - 70733",GROC-VEG-0001,3,Credit Card
2025-04-15 17:27:37.205696,Robert Miller,21:55:42,"New Leslie, New Hampshire, Tanzania - 03941",ELEC-SM-0001,2,Debit Card
2025-05-01 02:48:09.355052,David Martin,05:14:05,"Diazborough, Alabama, Malawi - 14627",AUTO-OIL-0006,5,Debit Card
2025-04-22 23:30:26.316046,Dawn Zavala,05:45:07,"South Davidport, Pennsylvania, Cyprus - 18406",ELEC-LAP-0002,3,Credit Card
2025-05-01 04:52:45.587978,Bradley Jones,13:33:19,"Huffmanfurt, Alaska, Cuba - 47808",GROC-VEG-0008,5,Paypal
2025-04-24 08:00:10.638927,Bradley Roberts,00:05:12,"Michaelstad, Maryland, Argentina - 70876",GROC-BEV-0001,2,Debit Card
2025-04-18 07:56:12.739789,Jeremiah Brown,00:46:11,"Middletonmouth, Mississippi, Cayman Islands - 23822",FURN-CHR-0005,4,Debit Card
2025-04-16 12:48:24.604028,Nicholas Mcneil,04:25:52,"Rickymouth, Indiana, Brunei Darussalam - 56374",AUTO-OIL-0001,1,Paypal
2025-05-02 15:27:51.322992,Kristina Atkins,11:41:41,"East Nathanton, Delaware, New Caledonia - 39216",GROC-BEV-0004,2,Paypal
2025-04-09 18:36:32.087883,Sara Franklin,19:39:25,"Rayside, Michigan, Jordan - 66554",ELEC-CAM-0001,4,Credit Card
2025-04-13 02:45:08.962303,Andre Davis,00:43:10,"Johnsonmouth, South Dakota, Zimbabwe - 91191",AUTO-OIL-0002,4,Credit Card
2025-04-12 23:38:52.712563,Pamela Williams,03:54:23,"East Shannon, Illinois, El Salvador - 84291",FURN-CAB-0001,4,Credit Card
2025-04-29 21:39:49.636934,Jaime Boyer,18:53:53,"South Donaldchester, Michigan, Guinea-Bissau - 93430",APPR-JNS-0001,4,Debit Card
2025-04-05 13:35:08.243862,Nicholas Callahan,16:06:15,"Steventon, Georgia, Congo - 67923",GROC-SNK-0001,1,Paypal
2025-05-02 08:49:59.654751,Daniel Rich,13:18:31,"Calebstad, Kentucky, Anguilla - 26282",GROC-FRT-0006,1,Paypal
2025-04-28 02:15:27.842116,Sandra Santos,12:03:20,"East Robert, Hawaii, Togo - 99769",AUTO-FIL-0001,1,Debit Card
2025-04-30 03:01:39.469290,Alan Deleon,22:11:14,"Daniellechester, Vermont, Netherlands Antilles - 83583",GROC-VEG-0003,2,Credit Card
2025-04-15 10:54:53.671289,Randy Miller DDS,11:58:38,"Lake Bruce, Missouri, Afghanistan - 78548",ELEC-TAB-0003,5,Paypal
2025-04-22 06:05:55.784207,Rodney Flores,03:53:38,"Melissabury, Nebraska, Lithuania - 76165",ELEC-SM-0001,3,Debit Card
2025-04-20 09:40:16.305595,Timothy Armstrong,04:49:50,"South Daniel, Massachusetts, British Indian Ocean Territory (Chagos Archipelago) - 11580",ELEC-CAM-0007,4,Credit Card
2025-04-26 12:29:09.692381,Katherine Ball,15:32:29,"Thompsonbury, Hawaii, Paraguay - 98287",GROC-FRT-0001,3,Paypal
2025-04-13 04:52:39.535480,Jessica Townsend,16:33:49,"Vargasside, Idaho, Equatorial Guinea - 53025",ELEC-CAM-0002,2,Credit Card
2025-04-14 16:31:00.220728,Jessica Parsons,13:40:03,"East Maryhaven, Louisiana, Belize - 29330",AUTO-FIL-0001,3,Debit Card
2025-04-24 13:09:18.316504,Mckenzie Wright,09:25:50,"Lake Erica, Nebraska, Somalia - 20573",AUTO-BAT-0004,4,Debit Card
2025-04-08 03:44:28.284522,Gregory Miller,04:42:13,"New Annaborough, New Hampshire, Timor-Leste - 19092",ELEC-CAM-0001,3,Paypal
2025-05-02 10:20:29.615326,Lisa Olsen,18:50:43,"Paultown, Wisconsin, Algeria - 23705",APPR-JKT-0001,5,Paypal
2025-04-19 06:22:54.260554,Elizabeth Clark,18:01:10,"Port Rhondatown, West Virginia, Greece - 00979",GROC-BEV-0001,3,Debit Card
2025-04-27 04:29:30.477552,Patrick Hill,14:42:22,"East Ashley, New York, Kuwait - 56103",FURN-CHR-0003,4,Credit Card
2025-04-08 05:14:12.067461,Mr. Darren Erickson,20:01:14,"Port Lori, Mississippi, Poland - 30620",AUTO-OIL-0001,1,Debit Card
2025-04-22 12:47:41.062861,Nicholas Marshall,12:11:51,"East Jennifer, Vermont, Germany - 35240",APPR-JKT-0004,5,Debit Card
2025-04-11 00:17:05.108505,Jane Mcbride,21:45:55,"Vargasview, Florida, United Arab Emirates - 34226",ELEC-LAP-0009,4,Paypal
2025-04-14 03:08:57.861819,Nancy Greer,13:07:07,"Carpenterside, Arkansas, Macao - 11155",GROC-BEV-0006,3,Debit Card
2025-04-14 00:22:54.038489,Jerry Moreno,06:56:52,"Hoffmanchester, Pennsylvania, Guyana - 24781",ELEC-SM-0003,4,Paypal
2025-04-25 13:26:54.800101,Justin Baldwin,19:12:43,"West Sandra, Kansas, Macao - 87818",AUTO-OIL-0003,2,Debit Card
2025-04-16 21:21:03.490165,Brian Chavez,18:31:52,"West Donna, Iowa, Jordan - 39006",AUTO-BAT-0001,2,Paypal
2025-04-13 14:45:35.855927,Gina Webb,14:25:26,"Lake Michaelland, Washington, Yemen - 76044",FURN-DSK-0004,3,Credit Card
2025-04-28 17:47:50.944126,Stefanie Johnson,21:50:09,"West Sarahmouth, Montana, Estonia - 27334",ELEC-TAB-0002,2,Debit Card
2025-04-19 22:08:41.821055,Robert Alvarez,12:55:32,"Port Alexandra, New Hampshire, Benin - 44096",GROC-VEG-0007,3,Credit Card
2025-04-09 13:26:22.135414,Jason Larsen,18:19:20,"Rickyborough, Florida, Botswana - 18630",GROC-VEG-0005,2,Debit Card
2025-04-08 14:17:44.359943,Kendra Arnold,19:38:51,"North Barbara, Maryland, Honduras - 08250",GROC-SNK-0007,4,Credit Card
2025-04-03 22:20:08.749141,Carlos Schultz,10:06:43,"Roseside, South Dakota, Tuvalu - 02940",AUTO-FIL-0002,3,Credit Card
2025-04-13 15:36:52.570671,Morgan Morales,14:45:04,"North Michael, New Mexico, Gibraltar - 28968",APPR-SHT-0005,4,Debit Card
2025-04-06 17:34:55.058763,Caleb Davis,01:05:04,"Donaldbury, Connecticut, Saint Helena - 29310",GROC-SNK-0001,2,Paypal
2025-04-23 03:46:17.840827,Zachary Randall,02:10:01,"New Brianaland, Kansas, Lao People's Democratic Republic - 73657",AUTO-OIL-0003,1,Paypal
2025-05-01 04:22:52.824453,Carla Schroeder,22:58:11,"South Victoria, Delaware, Belarus - 26820",APPR-JKT-0002,3,Paypal
2025-04-15 12:02:42.773648,Theresa Buchanan,18:25:50,"Ortizmouth, North Dakota, Bulgaria - 46544",AUTO-OIL-0004,3,Credit Card
2025-04-06 17:48:13.873387,Pamela Hall,01:26:05,"Ericaland, Oklahoma, Belgium - 59344",ELEC-TAB-0002,5,Debit Card
2025-04-05 21:34:46.800862,Jeffrey Mills,14:41:31,"Bradleychester, Nevada, Poland - 40179",GROC-VEG-0004,4,Credit Card
2025-04-22 05:09:30.861305,Colleen Novak,23:28:44,"West Alexandertown, New Hampshire, Armenia - 67909",GROC-BEV-0001,4,Credit Card
2025-04-11 08:44:46.547295,Aaron Harrison,02:13:40,"South Kiaramouth, Connecticut, Djibouti - 47777",ELEC-CAM-0002,1,Paypal
2025-04-17 07:48:06.955096,Crystal Burns,08:27:50,"New Ryan, North Dakota, Peru - 99376",AUTO-FIL-0006,3,Debit Card
2025-04-07 01:25:54.838891,Jerome Williams,20:51:00,"New Deborahmouth, New Jersey, Saint Lucia - 38477",AUTO-OIL-0002,4,Credit Card
2025-04-10 20:17:33.143702,Ann Walker,11:39:11,"Justinbury, Indiana, Zambia - 96497",ELEC-CAM-0001,5,Debit Card
2025-04-27 04:22:52.051752,Sonya Moore,13:06:05,"New Tiffanyville, Ohio, American Samoa - 13975",AUTO-BAT-0002,5,Debit Card
2025-05-02 10:12:35.049355,David Perez,19:42:33,"Brianside, Pennsylvania, Dominican Republic - 65692",AUTO-BAT-0002,3,Paypal
2025-04-07 22:47:14.813347,Mary Ward,20:51:45,"South Michael, Idaho, Marshall Islands - 23583",FURN-BED-0002,3,Paypal
2025-04-11 19:45:42.175199,Brandon Schneider,00:54:52,"North Diane, Delaware, El Salvador - 57885",GROC-BEV-0001,3,Paypal
2025-04-20 12:01:19.679955,John Kim,04:32:38,"South Darrellview, California, Dominican Republic - 98195",GROC-BEV-0001,3,Credit Card
2025-04-29 07:21:43.158314,Jessica Li,17:53:10,"West Christopher, Vermont, Vietnam - 06239",AUTO-FIL-0004,1,Paypal
2025-04-07 07:23:27.394950,Michael Parker,07:17:56,"Ashleychester, Colorado, Azerbaijan - 40538",ELEC-LAP-0002,3,Credit Card
2025-04-04 10:25:50.960852,Daniel Simmons,16:18:43,"Youngbury, Rhode Island, Saint Helena - 29020",ELEC-LAP-0010,2,Debit Card
2025-04-06 07:23:52.535909,Jason Lee,09:49:40,"West Dawnmouth, Nebraska, Taiwan - 32653",FURN-BED-0006,1,Credit Card
2025-04-15 23:15:48.072840,Barbara Snyder,00:07:46,"Wardstad, Arkansas, Denmark - 80110",GROC-FRT-0005,5,Credit Card
2025-05-02 23:37:13.215298,Mark Macias,20:48:33,"Mullinsmouth, Oregon, Afghanistan - 00717",AUTO-FIL-0001,5,Debit Card
2025-04-30 17:45:43.756237,Roberta Hall,02:04:27,"Lindaborough, Nevada, Niue - 50942",FURN-DSK-0002,1,Paypal
2025-04-04 23:24:50.979021,Vanessa Combs,22:40:52,"Cantrelltown, Hawaii, Turkey - 37778",ELEC-CAM-0003,3,Debit Card
2025-04-10 06:53:08.744347,Nicholas Wu,14:31:01,"Whitakerchester, Oregon, Papua New Guinea - 83926",FURN-DSK-0002,2,Debit Card
2025-04-30 06:10:44.507379,Kathy Gibson,00:05:03,"South Sharonbury, Hawaii, Morocco - 95125",APPR-SHT-0005,2,Paypal
2025-04-06 21:22:34.993048,Alicia Gray,22:36:05,"Matthewfort, Texas, Palestinian Territory - 61346",ELEC-SM-0003,3,Debit Card
2025-04-23 14:15:39.984061,Kyle Brewer,10:29:48,"Calvinmouth, Connecticut, French Southern Territories - 31997",AUTO-FIL-0005,4,Debit Card
2025-04-06 10:24:30.952901,Joseph Jordan,20:02:22,"Christopherbury, New York, Antigua and Barbuda - 97393",ELEC-SM-0001,1,Credit Card
2025-04-24 22:37:42.310668,Stephanie Rodriguez,05:56:14,"Osbornestad, Georgia, Tanzania - 19479",APPR-SHT-0003,2,Debit Card
2025-04-12 06:48:52.421265,Chris Arnold,22:06:34,"Jamesfurt, Louisiana, Switzerland - 37081",AUTO-FIL-0002,3,Debit Card
2025-04-03 20:18:46.720552,Mr. Timothy Bennett DDS,15:14:59,"Lake Michael, California, Denmark - 38621",APPR-SHT-0006,4,Debit Card
2025-04-20 23:57:16.114495,Jennifer Daniels,17:17:39,"Cynthiaborough, Iowa, San Marino - 07043",ELEC-SM-0004,1,Credit Card
2025-04-08 15:20:54.994544,William Castro,05:56:18,"Adammouth, Michigan, Algeria - 76422",GROC-BEV-0001,5,Paypal
2025-04-20 21:40:01.576809,James Moreno,01:36:45,"Lake Beverly, New York, Central African Republic - 46801",GROC-SNK-0001,2,Credit Card
2025-04-04 12:18:05.633851,Allison Watkins,10:44:48,"Elizabethstad, Minnesota, Cocos (Keeling) Islands - 61182",APPR-SHT-0005,5,Debit Card
2025-04-10 06:25:49.645786,Monica Griffith,09:19:46,"Kimmouth, Texas, Canada - 82321",AUTO-TIR-0001,5,Credit Card
2025-05-02 11:09:27.466028,Angela Hansen,22:17:53,"Lake Alexisville, Wyoming, Western Sahara - 40054",AUTO-FIL-0008,3,Credit Card
2025-04-20 16:10:03.656322,Gina Shepherd,19:03:16,"Jasonton, North Dakota, Bulgaria - 01613",AUTO-OIL-0001,5,Credit Card
2025-04-21 02:33:31.811596,Rickey Romero,16:15:08,"New Diane, Utah, New Caledonia - 39485",FURN-CHR-0001,2,Credit Card
2025-04-23 17:33:07.643664,Mr. William Roth,16:50:41,"Merrittmouth, Delaware, Algeria - 55321",APPR-JKT-0002,2,Credit Card
2025-04-23 16:47:34.579840,Francisco Ramirez,15:20:07,"Stevensside, Maine, Rwanda - 69473",GROC-VEG-0007,5,Credit Card
2025-04-15 09:16:30.301774,Timothy Morris,08:57:04,"West Jennifershire, Arizona, Comoros - 02289",ELEC-LAP-0001,2,Paypal
2025-04-30 05:49:27.467332,David Price,06:01:26,"West Brandonburgh, West Virginia, Mauritius - 11245",APPR-JNS-0001,5,Debit Card
2025-04-09 06:05:15.881737,Robert Moore,05:44:10,"New Kennethshire, Iowa, Mali - 69938",GROC-VEG-0007,3,Credit Card
2025-04-28 12:31:52.427294,Ashley Martinez,02:15:00,"East John, Oklahoma, Hungary - 10570",FURN-BED-0002,1,Paypal
2025-04-22 11:51:33.128167,Rhonda Bird,01:18:23,"Wadeside, Utah, Syrian Arab Republic - 25370",FURN-CAB-0002,3,Paypal
2025-04-18 15:15:28.487550,Amy Carroll,08:29:54,"Mccannfurt, Rhode Island, Montenegro - 47584",GROC-SNK-0001,2,Debit Card
2025-04-16 04:37:36.344781,Theresa Johnson,21:05:29,"South Tamarahaven, Utah, Palestinian Territory - 13773",APPR-JNS-0003,1,Debit Card
2025-04-13 09:44:16.899792,Rachel Eaton,04:23:03,"Alanberg, North Carolina, Azerbaijan - 73804",ELEC-SM-0001,5,Paypal
2025-04-26 09:44:58.116706,Joshua Roberts,21:38:09,"North Philipbury, Nevada, Seychelles - 67596",AUTO-OIL-0003,3,Debit Card
2025-05-02 04:17:34.680508,Isaiah Booth,18:34:35,"Whiteside, Missouri, Saint Lucia - 17590",APPR-SHT-0002,2,Credit Card
2025-04-23 20:31:50.662781,Daniel Ali,20:42:39,"South Bradleymouth, Missouri, Burundi - 41644",ELEC-LAP-0002,4,Paypal
2025-04-14 09:52:25.636178,Rachel Williams,15:26:10,"South Ianstad, Arkansas, Japan - 75985",ELEC-SM-0008,3,Credit Card
2025-04-19 17:09:23.852350,Kevin Hoffman,21:11:08,"South Jasminemouth, Wyoming, Chile - 95311",AUTO-OIL-0006,1,Paypal
2025-04-04 01:38:00.477698,Lisa Quinn,21:03:32,"East Heather, Arkansas, Cote d'Ivoire - 71109",APPR-JKT-0001,5,Debit Card
2025-04-23 02:13:10.477104,Monica Trevino,00:27:03,"North Stephenfurt, New Mexico, Jersey - 33871",AUTO-FIL-0005,2,Debit Card
2025-04-16 01:14:55.153771,Danny Wall,15:05:04,"New Samantha, Montana, Iran - 48997",AUTO-BAT-0004,1,Paypal
2025-04-25 13:52:34.572973,Nicole Goodman,12:31:13,"Marcusstad, Arkansas, Finland - 61388",ELEC-CAM-0001,2,Credit Card
2025-04-14 18:39:12.186816,Mark Hughes,22:21:06,"Clarktown, New Hampshire, Guernsey - 40090",GROC-BEV-0002,2,Debit Card
2025-05-01 09:12:40.081225,William Davidson,21:38:05,"Georgeberg, New Mexico, Cambodia - 17260",AUTO-OIL-0004,2,Credit Card
2025-04-30 02:48:49.433977,Peter Smith,10:37:37,"Phillipsshire, Idaho, Guinea-Bissau - 74537",ELEC-TAB-0001,4,Credit Card
2025-04-17 21:58:27.840491,Andrew Mcpherson,23:52:07,"Justinton, Utah, Solomon Islands - 78790",GROC-BEV-0002,4,Paypal
2025-04-28 01:18:07.158790,Amy Romero,12:15:57,"South Tanya, Arizona, Saint Barthelemy - 50774",AUTO-BAT-0002,3,Debit Card
2025-05-01 03:20:54.318182,Thomas Christensen,05:46:52,"North Karen, South Dakota, Saudi Arabia - 41993",GROC-BEV-0010,1,Paypal
2025-04-26 13:30:39.443064,Anthony Middleton,09:51:42,"Bellbury, New York, Zambia - 72497",ELEC-TAB-0005,2,Paypal
2025-04-12 03:22:56.686663,Jeremiah Bridges,12:31:58,"Brownchester, Indiana, Montenegro - 88444",GROC-BEV-0010,5,Paypal
2025-04-08 00:28:59.846645,Mary Cooper,17:45:23,"Christopherborough, Georgia, Somalia - 66722",ELEC-SM-0002,4,Debit Card
2025-04-29 03:44:38.414914,Geoffrey Nelson,19:45:39,"Christopherchester, Delaware, Spain - 07052",FURN-DSK-0001,5,Credit Card
2025-04-20 04:13:47.868375,Melissa Baker,04:51:25,"Sharontown, Utah, Myanmar - 50355",AUTO-BAT-0002,1,Debit Card
2025-04-11 12:05:39.982216,Bradley Estrada,17:17:49,"Lake Catherineview, Wyoming, Nicaragua - 33508",AUTO-TIR-0004,1,Credit Card
2025-04-20 23:20:49.462337,Mark Clay,06:50:58,"Medinaburgh, West Virginia, Korea - 88620",AUTO-FIL-0002,3,Paypal
2025-04-27 17:03:00.301389,Scott Alexander,04:41:43,"West Ericberg, North Carolina, Haiti - 62250",AUTO-FIL-0005,5,Credit Card
2025-04-30 02:03:20.378368,Harold House,09:53:09,"North Davidchester, West Virginia, Bermuda - 45707",ELEC-SM-0006,4,Debit Card
2025-04-30 15:24:11.730183,Kimberly Nash,06:48:23,"South Charles, Mississippi, Belize - 40066",FURN-BED-0006,1,Debit Card
2025-04-18 22:06:28.942679,Paul Miller,11:18:13,"Port Ericshire, Washington, Papua New Guinea - 22201",ELEC-TAB-0001,2,Paypal
2025-04-28 01:49:11.696518,Matthew Ramirez,20:57:12,"West Stephen, Illinois, Bolivia - 41213",FURN-CHR-0001,3,Debit Card
2025-04-26 00:04:12.697610,Michael Jones,08:10:17,"North Mitchell, New York, American Samoa - 23821",AUTO-FIL-0002,1,Debit Card
2025-04-19 17:35:00.615391,April Warren,12:06:23,"Rojasburgh, Kansas, Mauritania - 81236",APPR-SHS-0009,4,Debit Card
2025-05-01 10:43:51.904063,Courtney Wallace MD,21:12:59,"Lake Phillip, Kentucky, Rwanda - 91418",AUTO-TIR-0002,2,Credit Card
2025-04-08 12:30:17.459274,Nicole Jackson,04:17:21,"Williamsonton, North Carolina, Costa Rica - 80153",ELEC-TAB-0002,4,Credit Card
2025-04-20 08:38:56.938767,Samuel Phillips,22:11:27,"Michaelville, Nevada, Kiribati - 11354",ELEC-CAM-0002,4,Debit Card
2025-04-06 08:26:11.687303,Barbara Young,08:31:33,"Popemouth, Oklahoma, Norway - 60982",GROC-BEV-0002,3,Debit Card
2025-04-30 01:32:27.468246,Elizabeth Cooper,11:36:16,"Smithchester, Delaware, Puerto Rico - 55762",APPR-JKT-0005,2,Debit Card
2025-04-26 07:06:13.504473,Paula Hayes,21:14:53,"Phillipchester, Arkansas, Colombia - 09990",FURN-DSK-0004,1,Paypal
2025-04-28 15:48:14.473881,Seth Johnson,04:22:36,"Martinezburgh, Delaware, Montenegro - 92511",GROC-FRT-0006,2,Paypal
2025-04-19 14:03:37.972452,Jacob Hood,02:57:02,"Boyleport, Arkansas, Slovakia (Slovak Republic) - 35999",GROC-VEG-0001,1,Debit Card
2025-04-08 19:23:57.459386,Jamie Schmidt,10:46:59,"New Samuel, Alaska, Jamaica - 99364",GROC-BEV-0002,5,Credit Card
2025-04-14 23:26:36.856539,John Perez,02:07:58,"West Gary, Rhode Island, Cayman Islands - 79448",FURN-BED-0006,2,Credit Card
2025-04-26 01:34:59.372454,Tamara Jones,03:33:54,"Donaldsonton, Arkansas, Liberia - 03141",ELEC-SM-0003,4,Credit Card
2025-04-29 14:39:51.653261,Catherine Jones,22:00:20,"Markton, Michigan, Czech Republic - 04674",ELEC-SM-0009,5,Debit Card
2025-04-22 18:36:34.065165,Mark Owens,02:46:04,"Shannonchester, Texas, Guadeloupe - 83434",GROC-BEV-0002,2,Paypal
2025-04-29 21:40:59.994613,Joel Smith,11:42:47,"Kimberg, Virginia, San Marino - 28576",GROC-VEG-0001,2,Debit Card
2025-04-08 21:08:54.619469,Jessica Larsen,05:20:26,"Lake Meghan, Utah, Fiji - 39999",ELEC-SM-0006,2,Debit Card
2025-04-06 16:56:26.555046,Lauren Collins,20:14:54,"Cherylborough, New Jersey, Myanmar - 68441",GROC-BEV-0010,1,Paypal
2025-04-21 16:33:42.843749,Katherine Jenkins,10:51:38,"East Zachary, Louisiana, Nigeria - 24279",APPR-SHS-0010,1,Debit Card
2025-04-30 12:17:51.228298,Thomas Hunt,10:23:37,"South Emilyton, West Virginia, Saint Vincent and the Grenadines - 09032",FURN-CAB-0003,3,Paypal
2025-04-03 17:04:07.250459,Dustin Smith,06:27:29,"Anthonyfort, Michigan, Guyana - 56210",ELEC-SM-0009,4,Debit Card
2025-04-18 03:46:13.569705,Dr. Holly Huff PhD,10:26:00,"Lindachester, Oregon, Georgia - 06361",GROC-SNK-0003,1,Debit Card
2025-04-22 15:29:16.343652,Christopher Alvarez,08:00:37,"Anthonyville, New Hampshire, Rwanda - 51947",APPR-SHT-0002,2,Paypal
2025-04-07 06:44:53.016052,Robert Lee,03:19:11,"Booneport, Maine, Philippines - 87601",AUTO-TIR-0002,5,Credit Card
2025-04-12 19:09:10.534896,Parker Combs,18:14:57,"Heathershire, Tennessee, Azerbaijan - 08095",GROC-VEG-0009,3,Credit Card
2025-04-20 20:00:57.562856,Rodney Martin,19:19:10,"Port Jordan, North Carolina, Algeria - 30969",AUTO-TIR-0002,1,Paypal
2025-04-28 09:13:44.073852,Kyle Sanchez,18:09:55,"North Danielchester, Maine, French Southern Territories - 27216",AUTO-BAT-0004,3,Credit Card
2025-04-05 15:55:31.352519,Ronald Haynes,18:16:27,"Lake Steven, Hawaii, Liberia - 35555",FURN-BED-0002,1,Paypal
2025-04-20 16:53:27.753607,Jason Henry,23:04:53,"Stevenstad, Maine, Liberia - 69802",ELEC-TAB-0003,3,Paypal
2025-04-24 06:26:33.936229,Phillip Adams,03:09:45,"Lake Rachelland, Arkansas, Russian Federation - 37781",AUTO-OIL-0005,4,Paypal
2025-04-26 11:15:56.736650,Catherine Tate,10:37:47,"Johnsontown, Nebraska, Gabon - 80211",APPR-JKT-0002,4,Debit Card
2025-04-11 23:44:53.027616,Sandy Rios,03:42:19,"West Anthony, Alaska, Cameroon - 84427",AUTO-OIL-0003,5,Debit Card
2025-04-09 12:26:46.108364,John Hill,18:24:53,"Nguyenborough, Arizona, Nicaragua - 58958",GROC-SNK-0008,2,Debit Card
2025-04-27 11:45:51.825031,Tamara Jackson,18:53:41,"Campbellville, West Virginia, Peru - 69762",FURN-CAB-0004,3,Paypal
2025-04-11 15:48:29.855959,Kevin Young,15:14:09,"Jeffreyfort, Vermont, Pakistan - 77949",APPR-JKT-0005,5,Credit Card
2025-04-06 06:39:07.482394,Grace Anderson,19:02:59,"West Michaelside, South Dakota, New Caledonia - 96968",ELEC-SM-0006,5,Paypal
2025-04-15 10:51:28.238696,Kelly Nelson,17:38:59,"Jeffchester, Texas, Guatemala - 31361",ELEC-TAB-0002,2,Paypal
2025-04-28 21:25:12.557099,Emma Cruz,13:18:31,"West William, New York, Uzbekistan - 72713",AUTO-FIL-0001,1,Paypal
2025-04-07 22:33:58.976885,Ronald Young,08:09:38,"Martinezborough, Colorado, Chad - 27636",FURN-BED-0002,2,Debit Card
2025-04-14 19:34:31.755674,Elizabeth Garza,06:36:00,"Gillespiestad, Indiana, Malta - 33676",GROC-BEV-0008,4,Credit Card
2025-04-25 21:04:03.780592,Anthony Dunn,09:48:07,"East Stephen, Oklahoma, French Guiana - 82779",FURN-DSK-0004,5,Paypal
2025-04-21 14:29:21.269659,Jasmine Long,11:35:40,"Garciaport, Kentucky, United States Virgin Islands - 13866",ELEC-SM-0007,1,Debit Card
2025-04-28 15:42:38.029022,Michelle Henderson,02:32:35,"Jameshaven, Maryland, Sweden - 13562",APPR-SHT-0002,5,Credit Card
2025-04-30 08:21:29.572920,Steven Johnson,14:28:20,"Stevenstad, Colorado, South Africa - 57813",APPR-JNS-0004,4,Credit Card
2025-04-28 03:26:51.577076,Caitlin Cruz,02:24:24,"Port Kelly, Colorado, Portugal - 32105",ELEC-SM-0005,5,Paypal
2025-04-03 20:53:06.224008,Brittany Rodriguez,10:58:47,"East Christine, Tennessee, Chile - 21060",ELEC-LAP-0001,1,Credit Card
2025-04-12 07:59:10.898673,Mary Farmer,14:16:54,"Ericshire, Florida, Papua New Guinea - 07351",GROC-VEG-0001,4,Paypal
2025-04-29 13:13:17.990057,Teresa Martinez,21:01:47,"South Rachelport, Arizona, Guadeloupe - 45002",APPR-JKT-0002,2,Paypal
2025-04-20 07:47:52.435827,Robin Martinez,19:24:58,"Whitemouth, North Carolina, Cambodia - 92024",FURN-BED-0001,5,Paypal
2025-04-10 12:53:43.126679,Karen George,09:03:39,"Port Mollymouth, Nebraska, Namibia - 80320",APPR-SHT-0009,2,Paypal
2025-04-26 10:24:17.347527,Anthony Woods,16:53:27,"North Tiffanytown, Colorado, Guatemala - 33101",AUTO-OIL-0004,1,Debit Card
2025-04-26 17:15:09.878119,Donald Jenkins,15:18:02,"Hollowayland, West Virginia, Greece - 39823",ELEC-LAP-0003,3,Credit Card
2025-04-05 04:51:14.198663,James Gilbert,05:38:42,"Mollyville, California, Sierra Leone - 75241",ELEC-CAM-0001,5,Debit Card
2025-05-01 07:43:03.308117,Tony Schultz,18:03:22,"Port Troyberg, Wyoming, Sudan - 37851",AUTO-TIR-0003,2,Debit Card
2025-04-05 17:37:50.542273,Amy Osborne,17:50:34,"Amandamouth, Maine, Tokelau - 39822",APPR-JKT-0001,4,Credit Card
2025-04-12 02:36:44.563461,Ryan Aguilar,18:23:04,"Kristinchester, Nevada, British Indian Ocean Territory (Chagos Archipelago) - 24801",GROC-VEG-0003,5,Paypal
2025-04-06 00:39:16.232453,Alexander Shea,06:45:08,"Moralesside, Louisiana, New Caledonia - 21295",APPR-JKT-0008,2,Debit Card
2025-04-20 21:16:14.813537,Joan Walter,13:14:26,"Port Justinhaven, New Mexico, South Africa - 29709",GROC-SNK-0001,2,Credit Card
2025-04-17 01:49:51.239429,Jacob Franklin,21:34:02,"East Paulhaven, Minnesota, Ethiopia - 71444",AUTO-TIR-0005,3,Debit Card
2025-04-18 08:33:10.207556,Danielle Carpenter,03:51:18,"Staceyborough, Delaware, Uruguay - 50274",GROC-SNK-0004,1,Debit Card
2025-04-29 13:31:27.145087,Angel Mcneil,17:50:21,"Smithberg, Kansas, Haiti - 36251",ELEC-LAP-0009,5,Paypal
2025-04-23 22:15:35.747350,James Silva,01:22:04,"Matthewhaven, Alaska, Saint Lucia - 00580",FURN-BED-0005,3,Credit Card
2025-04-20 11:34:32.065267,Matthew Townsend,07:28:49,"West Kayla, Kansas, Svalbard & Jan Mayen Islands - 57251",GROC-SNK-0001,3,Debit Card
2025-04-11 05:23:57.483679,Eileen Lawson,13:46:36,"West Kathleen, North Carolina, Russian Federation - 74017",GROC-FRT-0002,5,Credit Card
2025-04-28 07:36:35.884853,Troy Hood,20:54:11,"Port Walterborough, Kentucky, Mayotte - 49891",ELEC-CAM-0006,5,Debit Card
2025-04-07 00:01:20.620851,Gabriel Dyer,19:11:18,"Thompsonville, Ohio, China - 58137",ELEC-TAB-0001,3,Debit Card
2025-05-02 20:38:57.431756,William Gordon,05:15:56,"East Mariamouth, Washington, Uruguay - 81565",AUTO-FIL-0004,5,Debit Card
2025-04-07 05:47:47.819140,Jesse Bailey,21:15:42,"North Melissa, Montana, Somalia - 39772",AUTO-BAT-0003,1,Debit Card
2025-04-16 14:37:51.641425,Joshua Morris,09:38:20,"New Davidbury, Hawaii, Bangladesh - 90886",APPR-SHS-0006,4,Debit Card
2025-04-13 15:39:45.488545,Danny Robertson,12:42:07,"Hendersonbury, Missouri, Libyan Arab Jamahiriya - 40660",AUTO-OIL-0003,4,Credit Card
2025-04-28 12:28:15.659840,Wanda Gonzales,08:38:35,"North Anthonybury, Vermont, Samoa - 62595",APPR-SHS-0006,5,Paypal
2025-04-08 18:00:47.258585,Michael Weeks,13:32:44,"South Raymond, New Hampshire, Peru - 84699",GROC-VEG-0003,1,Debit Card
2025-05-03 07:28:29.752621,James Dodson,06:47:05,"Gilbertchester, Indiana, Burundi - 76396",GROC-SNK-0003,1,Paypal
2025-04-22 18:20:26.341955,Raymond Harrington,11:54:06,"New Shawn, Kansas, United Arab Emirates - 53090",GROC-BEV-0008,2,Credit Card
2025-04-16 18:59:36.314539,Eugene Swanson,21:34:25,"Jessicachester, Alabama, Georgia - 62445",APPR-SHS-0003,3,Paypal
2025-04-07 12:21:11.145394,Andrea Wright,19:48:42,"Stephaniehaven, Illinois, Lesotho - 09470",APPR-JNS-0002,3,Debit Card
2025-05-03 09:11:21.481975,Elizabeth Olson,16:02:23,"Jillmouth, Washington, Isle of Man - 75812",AUTO-TIR-0003,2,Paypal
2025-05-01 19:25:09.896415,Sharon Knight,21:11:16,"Johnsonberg, Pennsylvania, Djibouti - 08996",FURN-CHR-0006,3,Credit Card
2025-04-21 12:30:14.729834,Anthony Jones,08:30:11,"Nelsonfort, Texas, Falkland Islands (Malvinas) - 33001",FURN-BED-0001,1,Paypal
2025-04-15 02:46:45.735273,Timothy Coffey,06:19:34,"Jasonville, Missouri, British Indian Ocean Territory (Chagos Archipelago) - 18429",AUTO-TIR-0006,2,Credit Card
2025-05-01 03:25:01.680558,Erin Frazier,10:53:10,"South Amberchester, Oregon, Azerbaijan - 69049",ELEC-CAM-0001,2,Paypal
2025-04-21 20:18:23.906896,Jessica Mitchell,23:37:27,"North Kaitlynshire, Alabama, Saint Kitts and Nevis - 60687",AUTO-BAT-0006,5,Debit Card
2025-04-29 21:31:07.760699,Veronica Edwards,18:11:16,"East Madison, Montana, New Caledonia - 81432",FURN-CAB-0003,4,Paypal
2025-04-25 16:15:23.942756,Donald Dawson,17:34:14,"Hernandezshire, Alaska, Korea - 87707",ELEC-LAP-0001,5,Paypal
2025-04-24 21:13:30.679498,Andrea Moore,03:00:46,"Annberg, Indiana, Libyan Arab Jamahiriya - 77064",APPR-JKT-0001,1,Paypal
2025-04-13 15:48:35.698606,Brooke Rice,00:05:25,"New Jennifer, Washington, Egypt - 27945",FURN-CAB-0005,3,Paypal
2025-04-08 11:32:28.120602,Christopher Henson,05:53:39,"South Annettemouth, Maryland, Iraq - 14297",GROC-SNK-0008,4,Debit Card
2025-04-19 21:47:38.429237,Nicholas Jones,00:40:43,"Cochranshire, Delaware, Belarus - 45486",ELEC-LAP-0005,5,Credit Card
2025-04-04 07:00:45.996151,Ian Williams,00:20:19,"New Bryanchester, Alaska, Antigua and Barbuda - 60937",FURN-BED-0002,4,Debit Card
2025-04-30 00:57:18.337594,Jeremy Tran,12:02:42,"Wrightmouth, New York, Falkland Islands (Malvinas) - 06923",AUTO-OIL-0001,1,Paypal
2025-04-08 06:09:46.263713,Alan Cardenas,15:02:15,"Port Waynefurt, Florida, Trinidad and Tobago - 69147",GROC-FRT-0001,1,Credit Card
2025-04-15 00:57:21.745633,Mrs. Tiffany Herrera,23:45:21,"West Lindseyland, Vermont, Iraq - 91784",GROC-BEV-0007,2,Paypal
2025-04-09 01:22:21.001438,Danielle Santiago,10:12:01,"Burtonmouth, North Carolina, Papua New Guinea - 01814",GROC-SNK-0004,4,Credit Card
2025-04-07 09:29:40.318346,Ruben Coleman,21:34:34,"New Michelleburgh, Missouri, Christmas Island - 10786",FURN-CHR-0006,3,Paypal
2025-04-23 00:04:45.313479,Robert Macdonald,23:07:24,"Kimberlymouth, Indiana, Taiwan - 88028",APPR-SHS-0001,4,Credit Card
2025-04-17 21:50:49.677240,Karen Cooper,19:37:12,"West Angelahaven, North Carolina, Brazil - 29046",AUTO-TIR-0002,5,Debit Card
2025-04-17 04:34:06.486878,Jasmine Burns,20:27:04,"South Brittanystad, Alaska, Peru - 58085",APPR-SHS-0002,2,Debit Card
2025-05-03 14:07:19.155021,Joshua Greene,04:30:20,"Banksland, Delaware, Bhutan - 70032",AUTO-BAT-0005,2,Paypal
2025-04-13 00:39:35.299134,Christina Wise,15:41:53,"Fowlertown, Kansas, Comoros - 53044",GROC-SNK-0006,1,Paypal
2025-04-06 09:14:38.077194,Allen Adkins,19:46:50,"Port Desireeport, Montana, Saudi Arabia - 24653",GROC-VEG-0001,5,Credit Card
2025-04-12 21:23:13.338344,Marie Schultz DDS,12:02:38,"Derekview, North Carolina, Georgia - 30157",AUTO-BAT-0006,5,Debit Card
2025-04-21 18:42:48.110218,Amy Petty,07:16:07,"New Williammouth, Idaho, United States Virgin Islands - 35601",AUTO-TIR-0007,2,Credit Card
2025-04-18 18:16:14.465416,Jose Johnson,14:20:43,"Birdhaven, Hawaii, Saudi Arabia - 66453",FURN-CHR-0002,5,Debit Card
2025-05-03 12:48:00.343628,Michael Flowers,10:38:27,"New Josephton, North Carolina, Swaziland - 93445",AUTO-FIL-0003,1,Debit Card
2025-04-16 00:36:03.799501,Nicole Miller,11:22:19,"Lake Williamstad, South Dakota, Brunei Darussalam - 18236",GROC-SNK-0006,2,Credit Card
2025-04-11 00:39:35.115965,Maurice Medina,03:12:22,"North Cynthiastad, Ohio, French Polynesia - 07775",FURN-CHR-0004,3,Paypal
2025-04-17 19:29:18.858534,Scott Wade,09:32:44,"East Sandrahaven, New Hampshire, Syrian Arab Republic - 64621",APPR-JNS-0004,4,Paypal
2025-04-16 15:06:26.975477,Jessica Clark,17:14:37,"Laurahaven, South Carolina, Anguilla - 78760",FURN-CHR-0007,2,Paypal
2025-04-29 20:18:10.768708,Melanie Morgan,08:58:42,"Andersonside, New Mexico, Tanzania - 78651",APPR-JNS-0001,2,Debit Card
2025-04-29 07:47:32.280086,Katherine Nicholson,23:29:18,"Port Saramouth, Louisiana, French Guiana - 43572",AUTO-OIL-0004,5,Debit Card
2025-04-13 21:45:22.550184,Daniel Cowan,09:16:37,"West Kenneth, Tennessee, Kazakhstan - 22448",ELEC-SM-0003,4,Debit Card
2025-04-06 18:49:49.208465,Timothy Simon,17:38:16,"Bryantfort, Oklahoma, China - 76352",ELEC-TAB-0005,3,Paypal
2025-05-02 23:14:06.383150,Scott Lee,17:53:03,"Blanchardtown, Maryland, Dominican Republic - 74306",ELEC-SM-0001,2,Debit Card
2025-04-30 20:10:08.445241,Ryan Watson,18:45:13,"North Davidborough, Ohio, Saint Kitts and Nevis - 12999",ELEC-CAM-0001,2,Debit Card
2025-04-29 05:33:34.843234,Theodore Perez,08:07:33,"Simpsonstad, West Virginia, Comoros - 04728",GROC-SNK-0003,5,Debit Card
2025-04-21 19:06:17.153335,Brittany Lewis,02:45:11,"Sarashire, New Mexico, Rwanda - 06656",APPR-SHT-0010,4,Paypal
2025-04-21 18:49:37.712307,Greg Houston,17:17:04,"Edwardsport, Kansas, Sierra Leone - 25195",AUTO-BAT-0005,2,Debit Card
2025-04-15 14:39:57.879728,Olivia Reyes,23:16:14,"Flowersburgh, Nebraska, Lao People's Democratic Republic - 65862",AUTO-FIL-0006,2,Debit Card
2025-04-26 15:24:59.572217,William Singleton,06:53:10,"Kimberlyshire, Idaho, Poland - 84391",AUTO-TIR-0006,2,Paypal
2025-04-14 16:40:21.364445,George Schroeder,03:53:12,"South Aprilville, Rhode Island, Gambia - 75339",FURN-DSK-0001,3,Debit Card
2025-04-18 17:48:51.536792,Lori Johnson,13:16:51,"Butlerbury, New Jersey, Tanzania - 40965",AUTO-FIL-0003,5,Debit Card
2025-04-09 18:04:41.761455,Trevor Smith,15:28:55,"Thompsonport, Wyoming, Malta - 99416",GROC-BEV-0005,5,Credit Card
2025-04-05 00:46:24.677648,Amy Flores,22:38:19,"Port Karenville, Illinois, Mongolia - 47872",GROC-VEG-0001,4,Paypal
2025-04-09 07:43:17.170084,David Schroeder,03:11:39,"Gonzalezborough, Arkansas, Angola - 52439",GROC-SNK-0005,3,Credit Card
2025-04-07 18:05:35.137294,Kelly Kennedy,22:45:58,"North Kimberlyside, Georgia, Isle of Man - 51280",APPR-SHT-0010,3,Credit Card
2025-04-20 07:05:24.814987,Jaclyn Fischer,18:15:49,"Brownberg, Colorado, Cocos (Keeling) Islands - 80234",APPR-JNS-0005,5,Paypal
2025-04-24 14:39:54.858307,Candace Alexander,21:41:09,"North Jamiehaven, Indiana, Brazil - 91943",GROC-SNK-0002,1,Debit Card
2025-05-03 01:58:13.550792,Connor Perez,07:32:36,"New Patrick, Rhode Island, Jamaica - 51335",ELEC-LAP-0001,4,Paypal
2025-04-19 19:13:17.545212,David Anderson,16:04:34,"Lake Brandon, North Dakota, Azerbaijan - 55493",GROC-VEG-0004,3,Debit Card
2025-04-05 03:14:17.796667,Robin Black,01:32:26,"East David, Michigan, Mexico - 69265",GROC-BEV-0004,2,Paypal
2025-05-02 12:52:30.491540,Sherri Roman,01:29:18,"Port Matthewmouth, Kentucky, Indonesia - 21530",APPR-SHS-0004,5,Credit Card
2025-04-12 09:57:40.602777,Andre Spencer,02:19:53,"Rogerfurt, Nebraska, Norfolk Island - 26342",GROC-BEV-0001,2,Paypal
2025-04-21 14:15:34.831415,Christopher Thornton,17:01:21,"Aliciatown, Wyoming, Kazakhstan - 04567",FURN-DSK-0004,3,Credit Card
2025-05-03 10:12:28.352969,Sheryl Hicks,03:20:40,"New Catherine, Maine, Norway - 21650",APPR-SHT-0001,3,Credit Card
2025-04-17 04:00:46.860970,Jessica Rasmussen,02:03:02,"Shannonside, Montana, Iraq - 88116",FURN-CHR-0002,2,Debit Card
2025-04-21 18:54:08.705564,Brian Allen,00:48:36,"Lake Brianfurt, California, Guam - 60106",FURN-BED-0001,1,Paypal
2025-04-13 10:15:02.630941,Joseph Stanley Jr.,03:16:09,"Lake Angela, Oklahoma, Estonia - 99409",FURN-CAB-0007,4,Debit Card
2025-04-14 14:41:38.261001,Victoria Benitez,12:00:29,"Suzannechester, Connecticut, Honduras - 14863",FURN-CAB-0005,2,Credit Card
2025-04-20 09:47:02.747217,Sara Fields,16:00:51,"Parkerburgh, West Virginia, Jamaica - 06048",GROC-BEV-0001,4,Paypal
2025-04-17 10:36:32.109282,Jeff Smith,23:33:02,"West Danielland, South Dakota, Lao People's Democratic Republic - 81415",APPR-SHS-0001,5,Debit Card
2025-04-07 18:42:06.396786,David Patton,11:16:54,"West Wayne, Ohio, Greenland - 03167",AUTO-OIL-0005,4,Paypal
2025-04-29 06:44:55.093496,Loretta Long,19:54:01,"Karenstad, Georgia, Norfolk Island - 07821",GROC-SNK-0001,1,Credit Card
2025-04-12 21:47:06.348569,Christopher Barnett,18:55:46,"Paulhaven, Louisiana, Haiti - 79648",FURN-DSK-0005,4,Credit Card
2025-04-09 04:19:33.007641,Sierra Hall,14:04:25,"Port Charlestown, Oregon, Falkland Islands (Malvinas) - 64717",FURN-CAB-0005,4,Credit Card
2025-04-26 15:30:46.496951,Scott Martinez,14:10:44,"Abbottmouth, California, Romania - 31354",GROC-VEG-0007,5,Debit Card
2025-04-24 11:58:02.406597,Jessica Figueroa,20:33:43,"South Ryan, Maryland, Wallis and Futuna - 65277",FURN-CAB-0007,4,Paypal
2025-04-28 08:15:58.550134,Keith Dalton,03:04:25,"North Megan, Iowa, Ecuador - 52398",ELEC-CAM-0003,2,Debit Card
2025-04-08 12:17:52.458426,Savannah Fischer,02:23:55,"New Christophermouth, Hawaii, Germany - 12201",GROC-BEV-0001,1,Credit Card
2025-04-10 17:41:36.959192,Bryan Murphy,10:01:37,"South Danielle, Missouri, Canada - 86676",ELEC-LAP-0003,4,Paypal
2025-04-04 02:01:28.753753,Stephanie Koch,15:25:09,"South Gregory, Connecticut, Chad - 30378",GROC-SNK-0001,1,Paypal
2025-04-21 07:24:20.226351,George Payne,10:04:12,"South Nancystad, Utah, Marshall Islands - 79572",AUTO-TIR-0005,4,Paypal
2025-04-28 20:34:43.645446,William Richardson,07:55:42,"Johnsonport, West Virginia, Saint Barthelemy - 61261",ELEC-LAP-0004,4,Paypal
2025-04-13 22:39:49.337907,Jeffrey Freeman,18:47:12,"Paigeport, Oklahoma, Hong Kong - 87469",APPR-SHT-0002,3,Paypal
2025-04-19 12:07:14.458147,David Bolton,04:21:35,"Larryview, Hawaii, British Virgin Islands - 73583",GROC-SNK-0003,1,Debit Card
2025-04-11 07:51:30.503890,Christopher Wilson,13:49:17,"Port Gregory, North Dakota, Nepal - 94694",ELEC-TAB-0002,5,Paypal
2025-04-22 22:38:07.636238,Wesley Griffith,17:43:50,"East Deborahchester, Massachusetts, Papua New Guinea - 28615",GROC-VEG-0003,2,Paypal
2025-04-29 22:02:16.843025,Hannah Cook,09:35:06,"Port Belinda, Ohio, Croatia - 90225",FURN-DSK-0005,1,Paypal
2025-04-11 02:44:27.341657,Catherine Lee,17:22:53,"Monroeborough, Alabama, Lesotho - 14459",AUTO-FIL-0001,3,Debit Card
2025-04-21 08:17:32.798732,Jill Mason,02:07:37,"Lake Loriton, Nebraska, Kuwait - 02792",AUTO-BAT-0003,5,Credit Card
2025-04-21 22:47:28.752503,Gary Sanchez,10:55:04,"Gilmorehaven, Florida, Sweden - 53644",FURN-CHR-0013,5,Credit Card
2025-04-04 18:25:53.504457,Thomas Bray,07:43:01,"Clarkchester, Texas, Belize - 10535",FURN-CHR-0003,5,Credit Card
2025-04-18 15:46:25.141265,Jamie Morris,17:11:54,"Port Davidburgh, Oregon, Falkland Islands (Malvinas) - 30924",ELEC-LAP-0002,4,Credit Card
2025-04-30 10:27:50.709069,Tara Vega,16:52:37,"Phillipsburgh, Iowa, Cote d'Ivoire - 91409",AUTO-TIR-0002,4,Credit Card
2025-04-15 15:35:02.236045,Victoria Scott,04:41:16,"West Larry, Washington, Spain - 73846",GROC-FRT-0002,1,Credit Card
2025-04-25 03:57:34.798280,Brianna Mcclure,18:31:10,"New Wayne, Maine, Cuba - 25923",ELEC-SM-0013,2,Paypal
2025-04-18 00:41:16.777116,Connie Mcdowell,12:40:52,"Lake Annetteside, Maryland, Peru - 52446",GROC-VEG-0004,1,Credit Card
2025-04-07 00:45:29.606397,Christopher Bell,15:08:39,"Port Carlos, North Carolina, Burkina Faso - 70366",AUTO-TIR-0004,1,Paypal
2025-04-06 06:59:44.014850,Brian Clay,22:57:05,"New Nicholas, Maryland, San Marino - 04978",GROC-VEG-0003,2,Paypal
2025-04-29 23:28:44.589955,Stacey Hale,20:08:36,"West Laurabury, New York, Japan - 48440",APPR-SHT-0002,5,Debit Card
2025-04-24 11:19:07.212428,Jeremy Boyd,02:37:25,"Lake Morganchester, Nevada, Puerto Rico - 34706",GROC-VEG-0005,5,Paypal
2025-05-02 14:45:36.982623,Sabrina Washington,06:19:42,"West Geraldview, Pennsylvania, Anguilla - 07604",FURN-CHR-0003,2,Paypal
2025-04-03 16:34:36.615938,Kim Castillo,03:23:50,"West Ashley, Arizona, Monaco - 34625",AUTO-TIR-0002,5,Credit Card
2025-04-20 21:17:01.090397,Cody Tapia,18:52:48,"North Amber, Oregon, Fiji - 80225",AUTO-FIL-0005,3,Debit Card
2025-04-18 04:10:42.828388,Cameron Mata,09:31:04,"Port Randybury, Massachusetts, Svalbard & Jan Mayen Islands - 50358",FURN-CAB-0001,4,Credit Card
2025-04-17 01:19:12.906417,Matthew Hill,03:09:29,"New Julie, Kentucky, New Zealand - 42627",FURN-CHR-0005,3,Paypal
2025-04-28 03:15:46.113065,Michael Garcia,07:38:43,"South Jeanetteside, Michigan, Faroe Islands - 56241",ELEC-LAP-0008,3,Debit Card
2025-04-25 21:54:42.514575,Ashley Baker,13:39:25,"Wendytown, Rhode Island, Tuvalu - 28310",APPR-JNS-0006,4,Paypal
2025-04-08 10:36:54.789494,Laura Ramos,01:42:42,"East Matthew, Florida, Maldives - 69604",APPR-SHT-0004,2,Debit Card
2025-04-07 02:03:59.631789,Melvin Hodge,22:04:05,"Jesseside, Illinois, Niue - 88928",APPR-JNS-0012,2,Debit Card
2025-04-07 20:44:59.699361,Antonio Townsend,01:49:17,"Port Angela, Nebraska, Nicaragua - 87087",ELEC-SM-0004,4,Debit Card
2025-04-26 00:28:24.370830,Laura Johnson,02:52:12,"Mathewville, New Hampshire, Romania - 27807",FURN-CHR-0012,4,Paypal
2025-05-01 13:51:54.999695,James Goodwin,15:17:29,"Shanechester, South Dakota, Slovenia - 96925",AUTO-FIL-0004,4,Debit Card
2025-04-13 14:40:51.846274,Kyle Guzman,04:59:26,"Jamesland, Virginia, Monaco - 74031",APPR-SHS-0006,5,Paypal
2025-04-20 08:17:27.436662,Robin Rich,07:06:56,"Reynoldstown, Nevada, Jordan - 68129",AUTO-OIL-0003,4,Credit Card
2025-04-30 14:54:28.787861,Charles Hall,19:05:44,"Frosthaven, Texas, Latvia - 62120",FURN-CAB-0002,3,Credit Card
2025-05-01 04:39:26.408186,Gregory Wright,07:25:19,"North Josephfurt, New Hampshire, Turks and Caicos Islands - 13750",ELEC-SM-0013,3,Credit Card
2025-04-13 06:53:19.936320,Michael Wood,09:44:46,"Angelaborough, North Dakota, Iceland - 22456",ELEC-CAM-0002,3,Credit Card
2025-04-27 15:56:57.979799,Patricia Russell,01:26:23,"Amandamouth, Arkansas, Uzbekistan - 03442",ELEC-SM-0004,2,Paypal
2025-04-11 04:18:54.988343,Mark Obrien,05:57:39,"Lake Racheltown, Arizona, Australia - 76111",ELEC-LAP-0002,3,Credit Card
2025-04-09 07:17:32.465746,Jeffrey Huang,01:50:29,"Burtonmouth, Oregon, Reunion - 12079",ELEC-LAP-0001,1,Paypal
2025-04-16 18:13:44.660842,Dominique Taylor,13:17:24,"Scottborough, Wyoming, China - 42446",AUTO-FIL-0007,5,Paypal
2025-04-22 07:04:32.827558,Patricia Martinez,13:37:24,"Cameronland, Delaware, Northern Mariana Islands - 82013",AUTO-TIR-0002,2,Paypal
2025-04-29 01:54:05.679552,Jason Harris,23:00:16,"Lake Rayburgh, New Mexico, Bolivia - 63194",ELEC-SM-0007,5,Paypal
2025-04-18 16:44:16.135992,Corey Ramos,03:48:48,"South Jasmine, New Jersey, Estonia - 95676",GROC-BEV-0001,3,Debit Card
2025-04-21 22:06:01.741971,Amanda Martin,17:54:29,"Welchmouth, Kansas, Mexico - 79670",APPR-SHS-0006,4,Debit Card
2025-05-03 13:58:19.411762,Travis Howell,11:25:56,"Allenview, Colorado, Saudi Arabia - 45636",APPR-JKT-0005,5,Paypal
2025-04-30 12:04:36.108303,Gary Manning,12:15:53,"South Lisafurt, Delaware, Turkey - 46664",FURN-BED-0004,2,Credit Card
2025-04-08 04:13:31.315541,Emily Stone,20:35:46,"Lake Ginamouth, Mississippi, Pitcairn Islands - 73215",GROC-SNK-0001,2,Debit Card
2025-04-10 13:07:51.835424,Karina Ramirez,18:32:05,"Lake Erin, Alabama, French Southern Territories - 64216",APPR-JKT-0005,3,Paypal
2025-04-15 17:52:59.279879,Janice Patton,20:31:02,"Brownside, North Dakota, Cape Verde - 61275",APPR-SHT-0009,4,Credit Card
2025-05-03 01:57:42.779529,Maurice Sherman,04:37:01,"New Randallbury, Iowa, Saint Martin - 29132",ELEC-LAP-0002,3,Debit Card
2025-04-10 19:00:18.392714,Natalie Taylor,22:06:04,"New Madison, Massachusetts, French Polynesia - 51827",FURN-CAB-0004,1,Credit Card
2025-04-26 18:38:32.277619,Brett Parks,17:03:50,"New Maureen, New Jersey, Nepal - 82598",APPR-JKT-0001,2,Debit Card
2025-04-21 20:30:11.455048,Erica Foley,22:00:43,"Port Heatherton, Rhode Island, French Guiana - 83635",APPR-SHT-0006,1,Debit Card
2025-04-17 12:57:02.701158,Robert Lucas,03:54:49,"North Sherryland, Florida, El Salvador - 56946",ELEC-SM-0007,5,Credit Card
2025-04-20 12:04:55.783010,Omar Cervantes,13:08:44,"Port Allisonville, Delaware, Saint Lucia - 43310",ELEC-SM-0001,4,Credit Card
2025-04-11 02:15:04.678986,John Wise,13:34:20,"Wilsonfort, Wisconsin, Cambodia - 66770",FURN-CAB-0008,5,Paypal
2025-04-18 01:38:13.122195,Randy Galvan,00:08:16,"Andrewbury, Massachusetts, Dominican Republic - 50489",APPR-JKT-0007,1,Debit Card
2025-04-25 03:27:59.786102,Derek Hunter,03:02:09,"Lake Kyle, Massachusetts, Guernsey - 94991",ELEC-CAM-0003,5,Paypal
2025-04-04 10:01:38.989607,Kevin Potter,18:09:37,"Burkechester, Pennsylvania, Faroe Islands - 26214",AUTO-FIL-0008,4,Credit Card
2025-04-20 10:08:27.636497,Susan Lynn,08:39:28,"Anthonyfort, Missouri, Anguilla - 94077",FURN-CHR-0011,3,Credit Card
2025-04-21 14:40:42.489463,Michael Martin,12:54:06,"Ryanfurt, South Dakota, Pakistan - 85203",APPR-JNS-0009,4,Debit Card
2025-05-03 02:15:10.704140,Mr. Daniel Hayes,11:07:38,"New Jenniferville, Louisiana, Ghana - 09727",APPR-SHT-0006,1,Debit Card
2025-04-28 08:30:26.870904,Lisa King,15:32:49,"Davisborough, Washington, Heard Island and McDonald Islands - 11492",AUTO-BAT-0001,3,Debit Card
2025-04-16 15:45:58.187913,Eric Rogers,01:51:54,"Lunastad, Maine, Moldova - 50128",GROC-SNK-0003,4,Paypal
2025-04-17 19:54:22.847209,Adam Everett,03:35:42,"New Seth, Maine, Bouvet Island (Bouvetoya) - 76713",APPR-JKT-0010,5,Paypal
2025-05-01 16:13:57.729889,Anthony Fitzgerald,14:25:22,"New Jennifermouth, Kansas, Pitcairn Islands - 02994",AUTO-FIL-0003,1,Credit Card
2025-05-02 18:58:54.670272,Daniel Monroe,12:53:32,"New Erik, Iowa, Heard Island and McDonald Islands - 62282",AUTO-FIL-0005,1,Debit Card
2025-04-19 02:59:02.735491,Angela Austin,06:06:27,"Port Joseph, Michigan, Yemen - 72671",GROC-FRT-0007,2,Credit Card
2025-04-09 13:03:36.864922,Christine Cole,18:24:58,"Jorgeport, Tennessee, Belgium - 41516",AUTO-OIL-0002,1,Debit Card
2025-04-16 00:49:59.688598,Russell Ortiz,04:26:56,"New Courtney, Idaho, Swaziland - 19144",GROC-VEG-0006,4,Credit Card
2025-04-29 09:55:56.372973,James Figueroa,19:44:29,"Robbinston, Alabama, Morocco - 96639",ELEC-TAB-0002,4,Credit Card
2025-04-27 09:42:54.240519,Mary Olson,09:56:21,"Kramerstad, Kansas, Egypt - 01398",ELEC-CAM-0001,3,Debit Card
2025-04-20 12:02:58.617556,Jack Garcia,22:15:00,"Port Johnnyland, Colorado, Honduras - 58686",FURN-CHR-0004,3,Paypal
2025-04-25 02:19:48.279884,James Smith,23:56:51,"West Marie, North Carolina, South Africa - 66883",FURN-CHR-0010,1,Credit Card
2025-04-12 20:10:47.118937,Jeffrey Young,09:01:16,"Kathrynview, North Dakota, Saint Lucia - 25627",APPR-JKT-0002,4,Debit Card
2025-04-11 14:00:26.364727,Natasha Eaton,17:05:11,"Wolfhaven, Washington, Western Sahara - 02077",GROC-FRT-0005,1,Credit Card
2025-04-03 21:31:11.865799,Audrey Trujillo,08:27:41,"West Gina, Delaware, Micronesia - 19112",APPR-JKT-0004,1,Paypal
2025-04-06 18:58:06.189197,Jessica Frost,19:32:02,"Lake Courtney, Florida, Guernsey - 35815",APPR-SHS-0009,1,Debit Card
2025-04-19 03:17:01.583161,Randy Horton,14:54:27,"Austinville, Maryland, Palau - 61025",FURN-DSK-0007,1,Debit Card
2025-04-21 05:08:15.076495,Heidi Thomas,09:29:40,"West Nicole, Maine, Dominican Republic - 72992",ELEC-SM-0005,3,Credit Card
2025-04-20 19:10:39.660069,Marie Burton,20:25:40,"Port Linda, Missouri, Vanuatu - 28019",ELEC-CAM-0008,3,Paypal
2025-05-02 01:45:27.096096,Caleb Morrow,02:21:58,"North Sara, Indiana, Italy - 53247",ELEC-CAM-0008,4,Paypal
2025-04-18 05:35:56.767559,Scott Medina,01:28:36,"North Alexis, Maine, Germany - 88236",APPR-SHS-0006,3,Credit Card
2025-04-13 05:35:13.902938,Holly Ramirez,17:05:01,"Port Susanport, South Dakota, Reunion - 91212",AUTO-FIL-0001,4,Paypal
2025-04-06 09:59:02.046664,Amy Thompson,00:21:45,"Janefurt, Pennsylvania, El Salvador - 16654",ELEC-TAB-0003,5,Paypal
2025-04-29 12:39:23.694812,Jose Wong,10:24:10,"North Maureenmouth, Kentucky, Saint Barthelemy - 24046",APPR-SHS-0001,2,Credit Card
2025-04-07 06:56:09.722326,Ronnie Santos,04:44:44,"Andrewsbury, Texas, Ireland - 90434",ELEC-SM-0010,4,Credit Card
2025-04-08 23:20:39.894913,Barbara Smith,02:30:14,"New Jose, Rhode Island, Seychelles - 40882",FURN-CAB-0002,4,Debit Card
2025-05-01 13:51:21.350461,Joshua Green,02:15:47,"Kimberlymouth, Delaware, Uzbekistan - 35085",APPR-SHS-0005,4,Paypal
2025-04-14 17:49:16.388869,Jonathon Mclaughlin,17:03:10,"Heidifurt, Virginia, Niger - 35541",ELEC-SM-0012,4,Credit Card
2025-04-21 22:50:47.606941,Michael Wilson,01:50:13,"New Robert, Minnesota, Singapore - 96322",APPR-JKT-0001,4,Debit Card
2025-04-27 08:00:44.881458,Ashley Whitehead,08:40:07,"South Karenburgh, New Mexico, Palau - 30649",AUTO-TIR-0009,1,Paypal
2025-04-16 11:34:34.260631,Sheri Wilkinson,04:42:51,"Hannahmouth, Missouri, Bosnia and Herzegovina - 83570",AUTO-BAT-0007,4,Debit Card
2025-04-07 23:04:31.591356,Robert Roberson Jr.,17:06:55,"Simpsonmouth, Louisiana, Panama - 71863",APPR-SHT-0003,1,Paypal
2025-04-06 18:42:28.995387,Wendy Watkins MD,17:02:05,"Weavermouth, Connecticut, Suriname - 51345",APPR-SHS-0002,1,Paypal
2025-04-20 18:45:56.161633,Sabrina Wise,20:18:14,"Lake Aaronside, Georgia, Bouvet Island (Bouvetoya) - 62932",APPR-JNS-0013,5,Paypal
2025-05-02 12:34:27.927784,Todd Ballard,06:58:35,"Jessestad, South Dakota, United Kingdom - 29300",AUTO-BAT-0008,5,Debit Card
2025-04-06 23:52:21.456173,Mr. Thomas Pearson,17:34:02,"Lake Destiny, New Jersey, Solomon Islands - 14408",APPR-SHS-0005,1,Paypal
2025-04-23 11:11:30.502276,Mr. Gregory Hernandez DDS,01:03:01,"Wadeburgh, Iowa, Austria - 84249",AUTO-TIR-0006,5,Paypal
2025-04-13 19:53:39.554452,Diane Evans,07:07:50,"West Jon, New Mexico, Mozambique - 71111",AUTO-FIL-0008,5,Credit Card
2025-04-30 22:57:31.523875,Sarah Taylor,19:21:45,"New Denisetown, Utah, Pitcairn Islands - 98405",GROC-FRT-0008,1,Debit Card
2025-04-06 09:33:45.706700,Andres Wilson,03:16:19,"Baldwinview, New Jersey, Tuvalu - 08220",APPR-JNS-0012,4,Paypal
2025-04-22 05:21:56.334877,Michael Chen,16:48:12,"Danieltown, Nevada, Poland - 63622",ELEC-LAP-0008,3,Debit Card
2025-05-02 11:55:33.065085,Sandra Coleman,06:24:09,"West Lacey, Alaska, Latvia - 21651",ELEC-SM-0012,3,Debit Card
2025-04-26 02:56:35.077648,Christopher Torres,22:23:50,"East Jeffreyburgh, Ohio, Eritrea - 54269",GROC-VEG-0003,5,Debit Card
2025-04-22 14:50:04.728051,Ms. Holly Sullivan,02:10:25,"Emmaland, Nevada, Jamaica - 50042",FURN-CAB-0013,5,Paypal
2025-04-26 11:29:12.469231,Annette Gonzales,01:07:00,"New Sean, Alaska, Lesotho - 65139",FURN-CHR-0005,4,Paypal
2025-04-29 06:23:31.321551,Tammy Thomas,13:25:36,"Perezland, Oregon, Andorra - 64199",GROC-BEV-0007,4,Paypal
2025-04-19 20:10:23.364727,Christopher Reid,09:23:04,"South Seanmouth, Tennessee, Korea - 77122",APPR-JKT-0014,2,Credit Card
2025-04-26 07:03:22.480148,Eric Figueroa,00:09:00,"Smithland, Florida, South Africa - 14683",GROC-BEV-0005,2,Credit Card
2025-04-27 13:35:48.526265,Ronnie Leonard,03:41:22,"Perezville, Colorado, Turkey - 21220",AUTO-BAT-0003,1,Paypal
2025-04-29 13:02:13.533898,Eric Paul,07:16:25,"East Heather, North Dakota, Gabon - 57323",GROC-FRT-0008,2,Paypal
2025-04-17 11:28:37.704077,Derek Brown,08:09:16,"East Brian, Maryland, Uganda - 04596",FURN-CHR-0011,5,Debit Card
2025-04-20 08:22:58.708903,Jose Stephens,08:55:58,"Andersonmouth, South Carolina, Lithuania - 60527",FURN-CHR-0003,3,Debit Card
2025-04-22 08:32:53.168629,Michael Smith,06:31:10,"Georgeburgh, North Dakota, Panama - 01763",APPR-SHT-0008,2,Credit Card
2025-04-13 06:34:38.469156,Andrew Christensen,02:57:00,"West Michael, Pennsylvania, Iraq - 92898",ELEC-LAP-0001,5,Debit Card
2025-04-25 20:45:40.985952,Todd Adams,03:35:12,"New Caitlin, North Carolina, Syrian Arab Republic - 56291",AUTO-FIL-0002,2,Debit Card
2025-04-21 01:52:40.456393,Adrian Daniel,13:14:31,"Port Dustin, Nevada, Pakistan - 98089",ELEC-SM-0006,5,Debit Card
2025-04-24 04:45:15.017685,Linda Jones,04:56:30,"New Lynnstad, Virginia, American Samoa - 51792",GROC-BEV-0001,2,Debit Card
2025-04-06 11:50:03.876026,Michael Johnson,21:41:18,"West Jacquelinemouth, Mississippi, Guam - 84286",FURN-DSK-0003,2,Paypal
2025-04-17 20:56:32.342170,Michael Jarvis,03:47:50,"West Kurtside, Alaska, Barbados - 69402",AUTO-OIL-0001,2,Credit Card
2025-04-08 16:55:18.780677,Mr. Joseph Frank III,12:58:36,"Jenniferville, Texas, France - 42643",FURN-BED-0003,3,Debit Card
2025-04-23 16:55:20.856509,Tyler Johnson,22:32:32,"Kristinberg, Massachusetts, Nicaragua - 82740",GROC-SNK-0002,4,Debit Card
2025-04-08 08:24:50.165544,Sheryl Hall,16:37:27,"Charleschester, Nebraska, Niue - 97786",AUTO-OIL-0001,4,Credit Card
2025-04-06 08:45:19.323044,Dr. Michael Adams,19:00:37,"Wesleybury, Wyoming, Pitcairn Islands - 82501",FURN-CHR-0010,1,Credit Card
2025-04-06 15:11:02.966755,Teresa Everett,03:12:56,"Williamsonchester, Ohio, El Salvador - 13856",APPR-JKT-0009,2,Debit Card
2025-04-17 17:33:57.702244,Ashley Norris,10:06:47,"Orozcoville, Connecticut, Guyana - 03014",APPR-JNS-0013,1,Credit Card
2025-04-19 15:55:43.220142,Damon Davis,06:46:35,"East Jenniferburgh, Idaho, Kiribati - 48549",ELEC-TAB-0006,3,Credit Card
2025-04-19 19:11:18.313972,Allison Miller,18:30:58,"Mcintyrebury, Maryland, Saint Pierre and Miquelon - 99658",ELEC-LAP-0005,3,Debit Card
2025-04-23 03:31:59.135997,Douglas Johnson,09:19:36,"Jameston, Idaho, Mayotte - 18615",ELEC-LAP-0008,4,Credit Card
2025-04-25 23:44:49.123333,April Potter,19:05:44,"Davidburgh, Connecticut, Morocco - 20261",ELEC-SM-0001,3,Credit Card
2025-04-16 22:33:19.291034,Kenneth White,19:40:32,"Tabithafort, Michigan, Bermuda - 17153",FURN-DSK-0006,4,Paypal
2025-04-10 01:03:46.067980,Justin Rosales,00:32:37,"Port James, Kentucky, Bouvet Island (Bouvetoya) - 19364",GROC-BEV-0010,4,Credit Card
2025-04-11 14:30:39.378453,Bailey Bell,02:30:26,"South Michaelton, New Mexico, Senegal - 83715",FURN-CAB-0006,2,Paypal
2025-04-10 04:16:50.081632,Dean Smith,23:51:39,"East Cindy, Alabama, Burkina Faso - 83540",APPR-JKT-0003,2,Paypal
2025-04-19 01:44:52.221058,Matthew Hebert,22:13:57,"Port Lance, North Dakota, Bangladesh - 54251",ELEC-CAM-0005,5,Debit Card
2025-04-28 18:00:29.168322,Daniel Hunt,22:59:59,"Aaronfort, Washington, Sudan - 50793",ELEC-CAM-0008,2,Credit Card
2025-04-14 03:16:18.983128,Holly Sutton,11:52:55,"Lake Taraville, Massachusetts, Morocco - 76238",GROC-BEV-0009,5,Credit Card
2025-04-06 23:42:11.100485,Gregory Wallace,15:43:33,"South Tony, Texas, Argentina - 21749",APPR-SHT-0003,2,Debit Card
2025-04-14 05:04:25.501902,Randy Hunt,18:27:22,"Martineztown, Missouri, Wallis and Futuna - 93886",FURN-CHR-0007,3,Paypal
2025-04-26 22:20:08.493768,Mario Young,17:08:42,"Christopherhaven, New Hampshire, Sao Tome and Principe - 85328",FURN-DSK-0008,3,Credit Card
2025-04-30 02:15:22.640819,Theresa Davis,23:53:44,"Port Sabrinamouth, Utah, Afghanistan - 12082",APPR-JNS-0002,4,Paypal
2025-04-27 21:57:37.603861,John Hall,13:35:23,"East Robert, Alabama, Albania - 98096",ELEC-SM-0005,1,Paypal
2025-04-10 22:58:53.020957,Matthew Williams,08:04:47,"Kathleenmouth, Nevada, Guam - 31056",GROC-SNK-0002,1,Paypal
2025-04-18 07:28:05.149132,Kiara Stephens,17:19:53,"Stricklandchester, Alabama, Turks and Caicos Islands - 58824",FURN-CHR-0011,3,Debit Card
2025-05-01 04:36:49.163287,Barbara Marks,21:19:15,"Port Herbertshire, Tennessee, Nigeria - 84003",ELEC-SM-0010,1,Debit Card
2025-04-18 06:56:18.855039,Christie Mcguire,17:21:45,"Pamelachester, Idaho, Hungary - 88950",GROC-FRT-0004,1,Paypal
2025-04-22 08:02:58.988844,Mrs. Kimberly Smith,18:23:08,"Erinbury, Arizona, Czech Republic - 78515",AUTO-OIL-0011,1,Paypal
2025-04-03 16:03:20.290074,Amy Walker,11:57:27,"New Michael, Iowa, Montserrat - 35857",ELEC-SM-0003,5,Debit Card
2025-04-17 20:25:34.508946,Candice Bryant,12:08:38,"New Debbieland, Washington, United States Minor Outlying Islands - 40429",APPR-SHT-0004,3,Paypal
2025-04-15 05:40:59.395521,Tammy Mitchell,02:00:26,"Port Sharon, Arizona, Guam - 74420",ELEC-LAP-0007,3,Credit Card
2025-04-11 01:12:05.570234,Erika Moss,10:46:12,"East Eric, Oregon, Cyprus - 02567",FURN-CHR-0009,5,Credit Card
2025-04-16 11:59:33.867469,Kyle Ramos,16:14:27,"New Heather, Iowa, Anguilla - 57815",ELEC-LAP-0008,3,Paypal
2025-05-03 00:49:09.995174,Joanna Woods,17:39:19,"South Richardmouth, Florida, French Guiana - 21247",APPR-JNS-0012,4,Paypal
2025-04-29 08:01:31.856129,Daniel Hall,08:39:36,"New Joshuaview, South Dakota, Togo - 23767",APPR-SHT-0004,5,Debit Card
2025-04-05 05:34:08.657971,Katherine Pittman,05:01:05,"Jessicastad, Oklahoma, Cambodia - 07075",AUTO-OIL-0003,3,Paypal
2025-04-24 04:58:30.463113,Audrey Torres,01:55:31,"Tammyview, Utah, United Kingdom - 70947",APPR-JNS-0005,1,Debit Card
2025-04-13 03:33:59.848001,Sydney Ellison,18:32:34,"Leachville, Kentucky, Brunei Darussalam - 63474",ELEC-CAM-0009,4,Debit Card
2025-04-26 00:20:19.704613,Pamela Johnson,20:41:11,"Jamesmouth, Indiana, Russian Federation - 23931",ELEC-CAM-0008,1,Paypal
2025-04-06 21:51:29.320420,Wayne Chan,14:48:22,"New Christopherchester, Mississippi, Mongolia - 16848",APPR-JKT-0015,3,Credit Card
2025-04-18 04:32:14.314435,Holly Moore,19:56:39,"South Denise, North Dakota, Korea - 09309",FURN-BED-0003,4,Paypal
2025-04-07 17:15:50.353269,Sheri Ryan,12:33:02,"Robertview, Arkansas, Monaco - 06796",AUTO-TIR-0001,5,Credit Card
2025-04-25 10:09:10.889240,Amy Bush,20:35:59,"West Austinport, New Mexico, Marshall Islands - 39473",FURN-CHR-0011,4,Debit Card
2025-04-10 20:35:17.041020,Daniel Lopez,05:44:27,"Lifurt, Oregon, Monaco - 58913",AUTO-FIL-0005,1,Credit Card
2025-04-07 21:39:19.837223,Mark Hart,20:59:09,"Lewistown, Utah, United States Minor Outlying Islands - 12419",ELEC-LAP-0008,5,Credit Card
2025-04-25 13:53:40.384138,James Kemp,02:00:47,"Morrisonton, Ohio, Finland - 49599",GROC-VEG-0001,5,Credit Card
2025-04-28 20:16:27.661249,Kathy Jones,20:17:02,"North Veronicaside, Oklahoma, Sri Lanka - 07658",APPR-SHT-0005,2,Debit Card
2025-04-10 12:45:49.463769,John Rivera,14:10:41,"Martinburgh, Iowa, Comoros - 73594",ELEC-CAM-0009,1,Paypal
2025-04-14 09:59:12.108146,Timothy Cross,23:43:09,"Gonzalezhaven, Iowa, Singapore - 44459",AUTO-FIL-0009,4,Debit Card
2025-04-10 09:22:28.353194,Jamie Lozano,11:17:03,"Bowenburgh, Wisconsin, Sao Tome and Principe - 78821",AUTO-BAT-0005,1,Debit Card
2025-04-15 15:13:06.011982,Gregory Thornton,15:54:05,"East Craigshire, Rhode Island, Gibraltar - 62528",GROC-SNK-0005,5,Debit Card
2025-04-05 23:19:47.906754,Robin Edwards,03:20:42,"East Brenda, Louisiana, Yemen - 66310",GROC-BEV-0008,5,Paypal
2025-04-09 22:35:56.443930,Dr. David Davis DDS,17:51:32,"South Fredbury, Oregon, Malaysia - 89117",ELEC-TAB-0004,1,Credit Card
2025-04-11 01:47:56.501715,John Hoffman,16:43:54,"Jacobport, Pennsylvania, Iraq - 23491",FURN-BED-0006,3,Debit Card
2025-04-25 18:52:52.359100,Stephen Barnes,08:50:37,"Richardland, Vermont, Niue - 09050",ELEC-TAB-0009,5,Paypal
2025-04-30 18:00:28.248363,Mrs. Kelsey Montes,06:36:38,"Lewisstad, Kentucky, Jersey - 27577",ELEC-CAM-0005,4,Credit Card
2025-04-13 08:35:38.539316,William Murphy,03:16:42,"Chrisstad, New Hampshire, Gambia - 79513",ELEC-SM-0007,3,Paypal
2025-05-02 14:49:44.947479,Valerie Robinson,18:43:24,"New Loriburgh, Mississippi, Belize - 33862",ELEC-LAP-0010,4,Debit Card
2025-04-04 03:23:13.416658,Elizabeth Moon,18:57:27,"Tiffanystad, Florida, Sweden - 39890",FURN-CAB-0001,3,Debit Card
2025-04-12 21:37:06.631858,Megan Carter,07:09:02,"Anthonyshire, Wyoming, Cayman Islands - 44055",GROC-FRT-0005,4,Credit Card
2025-04-09 03:38:45.735423,Kayla Clark,06:11:19,"Port Jessica, Michigan, Argentina - 26094",AUTO-OIL-0005,3,Debit Card
2025-04-07 11:32:08.284415,Michelle Reyes,16:38:45,"Emilyhaven, Nevada, Morocco - 94090",FURN-CHR-0004,3,Credit Card
2025-04-11 08:43:15.061130,Misty Price,09:19:14,"Fullerview, Illinois, Mayotte - 58727",GROC-VEG-0003,2,Debit Card
2025-04-25 19:54:15.055314,Christopher Williams,01:39:45,"South Johnville, Michigan, Indonesia - 67404",FURN-BED-0001,2,Credit Card
2025-04-29 22:59:48.960071,Nicole Davis DVM,22:36:12,"West Jasonshire, Tennessee, Andorra - 06254",AUTO-OIL-0003,1,Debit Card
2025-04-17 19:48:54.054183,Jessica Chapman,03:50:52,"South Sarah, New Hampshire, Saint Helena - 56466",FURN-CHR-0001,4,Debit Card
2025-04-27 10:59:16.925870,Jimmy Miller,16:16:49,"Haynesstad, Arizona, Estonia - 16021",AUTO-FIL-0010,4,Paypal
2025-04-30 14:25:17.856274,Marissa Mckinney,00:29:44,"Steelechester, South Carolina, Panama - 70764",ELEC-SM-0011,2,Debit Card
2025-04-30 13:46:52.270787,Duane Figueroa,19:31:54,"West Roberto, South Carolina, Congo - 01182",ELEC-LAP-0003,4,Credit Card
2025-04-20 21:35:34.013314,Christina Roman,14:09:43,"Davismouth, Wisconsin, Saint Kitts and Nevis - 56736",FURN-DSK-0001,3,Credit Card
2025-04-06 04:16:42.981961,Julia Hawkins,22:09:38,"South Jasonton, Arkansas, Saint Lucia - 10368",APPR-JKT-0012,4,Paypal
2025-04-14 17:45:10.267724,Michael Nelson,10:15:08,"New Terrence, Maryland, South Africa - 25430",FURN-CHR-0010,2,Credit Card
2025-04-26 00:38:50.384292,Michelle Cardenas,08:15:23,"Danielchester, Arkansas, Ukraine - 90773",FURN-DSK-0001,1,Paypal
2025-04-15 18:29:25.355513,Kristi Palmer,00:26:54,"Robinshire, South Carolina, El Salvador - 90397",GROC-SNK-0001,3,Paypal
2025-04-16 06:27:34.274616,Krystal Pratt,01:09:23,"West Annette, South Carolina, Yemen - 90357",FURN-CAB-0007,1,Paypal
2025-04-18 14:46:16.151813,Deborah Abbott,21:40:38,"Ashleyfurt, Texas, Korea - 17951",ELEC-LAP-0007,1,Debit Card
2025-04-20 20:49:32.394360,Gary Herrera,21:01:25,"Stephanieview, Washington, Latvia - 66073",ELEC-CAM-0001,5,Credit Card
2025-04-30 13:43:25.030335,Jeff Hull,15:47:10,"Lake Michellemouth, West Virginia, Mauritius - 14983",GROC-VEG-0002,2,Debit Card
2025-05-02 03:14:33.545378,Gabrielle Schultz,20:28:29,"South Gregoryborough, Nevada, Gabon - 17447",GROC-SNK-0004,1,Debit Card
2025-04-28 20:26:33.126144,Erin Romero,00:05:54,"Richardland, Hawaii, Paraguay - 59078",FURN-DSK-0010,2,Paypal
2025-04-28 23:16:50.828880,Brandi Young,00:02:16,"Martinmouth, Oregon, Swaziland - 66411",APPR-JNS-0004,3,Debit Card
2025-05-01 08:43:07.040746,Jennifer Miller,11:53:21,"Josephmouth, Utah, Benin - 66518",FURN-CAB-0015,3,Paypal
2025-04-22 12:07:00.632661,Amy Grant,04:56:00,"Lowefort, Tennessee, Syrian Arab Republic - 90252",ELEC-CAM-0004,2,Debit Card
2025-04-22 15:27:30.761794,Bryan Nelson,08:32:52,"North Jessicatown, Connecticut, Bahrain - 29513",ELEC-SM-0014,5,Debit Card
2025-04-05 01:50:35.662752,Ethan Edwards,01:05:29,"East Carl, North Carolina, Cameroon - 89436",AUTO-FIL-0001,1,Credit Card
2025-04-18 00:20:07.364775,Matthew Gonzalez,22:04:47,"Timothyfurt, Connecticut, Central African Republic - 05191",FURN-BED-0006,5,Paypal
2025-04-27 01:41:54.600567,Julie Abbott,20:30:59,"Kimshire, New Hampshire, Kenya - 87670",GROC-BEV-0007,3,Debit Card
2025-04-22 07:18:55.843497,Miranda Rogers,16:57:38,"South Kelly, Missouri, Moldova - 39878",APPR-SHT-0006,3,Debit Card
2025-04-23 19:42:00.191332,Kristen Turner,10:15:35,"Port Kennethbury, South Dakota, Netherlands - 36750",AUTO-FIL-0010,1,Credit Card
2025-04-03 18:18:05.112551,Megan Mcbride,12:29:21,"South Kelsey, West Virginia, Belize - 60069",APPR-JKT-0014,4,Paypal
2025-04-16 16:27:14.937728,Michael Stevens,06:13:39,"South Rachelville, Arizona, Uganda - 02719",GROC-FRT-0002,4,Debit Card
2025-04-07 02:23:11.833985,Alexander Callahan,12:21:57,"West Lorraine, Utah, Saint Lucia - 65685",GROC-VEG-0006,1,Debit Card
2025-04-08 09:30:27.437412,Mark Hernandez,09:23:17,"Port Lauren, Mississippi, United Kingdom - 62794",GROC-VEG-0002,4,Credit Card
2025-04-06 12:23:40.042012,Robert Carr,09:31:42,"Bennettstad, Mississippi, Germany - 58299",GROC-BEV-0003,5,Debit Card
2025-04-22 21:02:56.913741,Deborah Villarreal,00:53:54,"Lake Maryberg, West Virginia, Aruba - 94210",ELEC-TAB-0003,5,Credit Card
2025-04-20 11:01:16.117321,Vanessa Santiago,19:54:57,"South Margaret, New Hampshire, Martinique - 70236",ELEC-CAM-0006,3,Debit Card
2025-04-28 01:50:34.272254,David Adams,09:06:45,"Randymouth, Wyoming, Italy - 31714",ELEC-SM-0001,5,Debit Card
2025-04-15 14:42:59.370887,Richard Smith,05:57:30,"East Erikaside, Maine, United States Virgin Islands - 85448",APPR-JNS-0011,5,Paypal
2025-04-20 03:47:10.393807,Michael Diaz,01:36:19,"South Marcus, Missouri, Iraq - 98964",GROC-BEV-0002,3,Paypal
2025-04-18 23:00:39.074989,Chelsea Franklin,15:00:53,"Terrellshire, Maine, Taiwan - 62959",AUTO-FIL-0002,3,Debit Card
2025-04-26 20:13:36.860910,Michael Austin,12:30:39,"Port Gregory, Connecticut, France - 08345",ELEC-LAP-0001,3,Paypal
2025-04-18 22:38:36.617864,Tiffany Morris,16:33:36,"New Andrew, Arizona, Central African Republic - 99112",GROC-FRT-0004,2,Debit Card
2025-04-29 13:21:10.818266,Wyatt Romero,19:32:07,"Davisshire, Iowa, China - 26441",GROC-SNK-0002,3,Paypal
2025-04-09 13:26:52.461015,Candice Wilson,13:15:30,"Lake Paul, Louisiana, Peru - 21276",FURN-BED-0009,5,Credit Card
2025-04-09 21:06:40.421739,Kevin Pruitt,02:16:04,"Jeffreyfurt, Washington, Korea - 04726",GROC-FRT-0009,3,Paypal
2025-04-07 04:34:58.600170,Karen Carter,10:00:18,"South Lisaland, Massachusetts, Slovakia (Slovak Republic) - 63836",FURN-BED-0006,2,Paypal
2025-04-09 04:30:24.185491,Brian Bennett,10:02:47,"East Aaron, Delaware, France - 58988",GROC-BEV-0009,5,Paypal
2025-04-23 21:14:29.175453,Denise Huffman,04:57:34,"Kirbymouth, West Virginia, Mayotte - 83186",FURN-BED-0004,1,Debit Card
2025-04-28 01:56:16.006462,Jennifer Martinez,22:45:11,"Port Sydneyfurt, Oklahoma, Yemen - 25790",APPR-SHT-0005,1,Paypal
2025-04-09 13:55:17.331166,Amy Salazar,02:21:06,"Stevensonport, Kentucky, Romania - 99061",AUTO-FIL-0002,3,Paypal
2025-04-21 19:13:10.771019,Tamara Ward,16:52:43,"Josephport, Vermont, Falkland Islands (Malvinas) - 04093",FURN-CHR-0015,3,Paypal
2025-04-17 10:38:49.419690,Trevor Ortiz,03:04:03,"New Anastad, Wyoming, Guinea - 69486",GROC-SNK-0003,2,Debit Card
2025-04-15 18:45:09.141364,Melanie Davis,03:26:41,"Gregorybury, West Virginia, Venezuela - 49266",APPR-SHS-0002,5,Debit Card
2025-04-23 16:45:28.590229,Kristin York,04:06:22,"Jonathantown, Ohio, South Africa - 81567",GROC-SNK-0005,5,Debit Card
2025-04-04 06:46:29.170259,Richard Harris,20:23:52,"Mcbrideburgh, Michigan, Madagascar - 61760",ELEC-SM-0013,1,Debit Card
2025-04-29 08:27:13.096129,Sheena Calderon,21:38:26,"Whitneyton, Texas, Saint Pierre and Miquelon - 29054",GROC-FRT-0010,3,Paypal
2025-04-16 18:42:01.089251,Angel Pitts,00:03:02,"Sarahfurt, Alabama, Solomon Islands - 59734",APPR-JKT-0005,4,Credit Card
2025-04-12 06:17:18.347747,Paul Potter,06:59:44,"Leslieton, Illinois, Singapore - 58582",FURN-CAB-0011,3,Credit Card
2025-04-06 23:33:01.294216,Christine Yoder,04:53:28,"Nunezbury, Massachusetts, Barbados - 59275",APPR-JKT-0005,1,Debit Card
2025-04-19 01:06:45.920513,Laura Montgomery,08:31:51,"Peterfurt, Nevada, Marshall Islands - 33467",AUTO-OIL-0012,3,Paypal
2025-04-21 15:09:42.442145,Michael Rice,18:46:35,"North Lisaport, North Carolina, Grenada - 94155",GROC-SNK-0007,1,Credit Card
2025-04-11 08:48:56.051165,Adam Powers,11:38:59,"Andrewtown, Hawaii, Montenegro - 86453",GROC-BEV-0007,4,Credit Card
2025-04-16 06:11:02.430771,Travis Webb,03:37:52,"Mcculloughstad, New York, Mayotte - 53341",AUTO-FIL-0001,1,Debit Card
2025-04-08 06:01:08.372793,Eric Henry,07:33:54,"Lake Brian, Illinois, Colombia - 48772",AUTO-BAT-0009,4,Paypal
2025-04-15 06:36:28.222314,Cheryl Wolfe,08:01:30,"North Pamela, Ohio, United States Virgin Islands - 21673",FURN-CHR-0001,3,Credit Card
2025-04-08 04:25:37.635586,Stephanie Estrada,04:31:44,"New Ann, Hawaii, Singapore - 90955",APPR-SHS-0006,4,Debit Card
2025-04-12 07:06:43.970176,Brian Morgan,13:48:45,"Greeneburgh, Delaware, United States Virgin Islands - 44056",AUTO-OIL-0002,3,Paypal
2025-04-14 18:16:16.176348,Melissa Hoffman,00:09:36,"Woodside, Louisiana, United Arab Emirates - 61722",AUTO-OIL-0011,2,Debit Card
2025-05-01 17:02:53.563559,Melanie Jefferson,13:01:09,"Port Heidiborough, West Virginia, Zimbabwe - 19782",ELEC-CAM-0006,5,Credit Card
2025-04-10 13:28:37.224784,Charles Williams,08:48:11,"North Josephmouth, Illinois, Mauritania - 74897",AUTO-TIR-0010,1,Credit Card
2025-04-21 07:40:39.588254,Edwin Campbell,12:32:35,"Alvarezview, West Virginia, New Zealand - 12369",AUTO-OIL-0010,3,Paypal
2025-04-09 13:47:34.524525,Nicholas Green,08:56:45,"East Robert, Oklahoma, Norfolk Island - 57872",FURN-DSK-0006,2,Credit Card
2025-04-09 10:48:49.344800,Colleen Gamble,22:24:47,"Lake Stephanieburgh, Indiana, Cook Islands - 67702",APPR-JKT-0022,2,Credit Card
2025-05-02 10:37:57.442573,Danny Gonzalez,13:40:15,"Eatonport, Connecticut, Pitcairn Islands - 51805",AUTO-FIL-0012,3,Credit Card
2025-04-06 23:54:21.903688,Donna Spencer,21:58:40,"Nguyenchester, Montana, Papua New Guinea - 01090",FURN-CAB-0001,3,Paypal
2025-04-14 22:41:44.939427,John Chan,23:55:19,"Foxport, Hawaii, Wallis and Futuna - 84821",AUTO-FIL-0007,1,Debit Card
2025-04-05 08:26:13.702446,Michele Patel,04:12:43,"Port Adrienne, Nevada, Indonesia - 08808",ELEC-SM-0006,2,Debit Card
2025-04-20 13:00:38.833985,Tina Smith,22:54:23,"North Philipstad, Montana, Montenegro - 84110",APPR-JKT-0024,1,Credit Card
2025-04-04 07:22:44.386944,Christina Lewis,22:13:52,"East Dawnmouth, Pennsylvania, Saint Vincent and the Grenadines - 75592",GROC-VEG-0001,1,Debit Card
2025-04-15 14:13:40.104806,Todd Mendoza,14:02:57,"Laurietown, Utah, Monaco - 10360",GROC-BEV-0006,4,Credit Card
2025-04-07 04:51:01.715411,Holly Morris,04:28:51,"Lake Thomas, Arkansas, Cape Verde - 63700",ELEC-TAB-0006,1,Paypal
2025-04-08 21:56:39.127622,Catherine Lee,02:52:20,"West Matthew, Massachusetts, Saint Lucia - 65091",FURN-CHR-0008,5,Credit Card
2025-05-02 14:42:53.796649,Stacy Barton,05:08:35,"Mosleyton, California, Mozambique - 18664",FURN-CHR-0016,2,Credit Card
2025-04-20 01:48:50.885840,John Smith,19:45:02,"Andersonberg, Vermont, Gambia - 35532",AUTO-FIL-0001,4,Paypal
2025-04-05 09:59:57.529136,Jeanne Morris,18:26:33,"South Jordan, Ohio, Taiwan - 87423",GROC-VEG-0001,3,Credit Card
2025-04-21 15:33:20.085256,Michael Sanchez,00:46:49,"Kristinefort, New Hampshire, Uganda - 98596",AUTO-TIR-0006,4,Debit Card
2025-04-18 00:30:02.089898,Allison Zimmerman,17:54:54,"Joshuaburgh, Arizona, Yemen - 16938",FURN-DSK-0004,3,Paypal
2025-04-06 13:08:58.035437,Stefanie Ferguson,02:18:35,"Matthewtown, Florida, Guatemala - 64819",AUTO-OIL-0007,4,Paypal
2025-04-05 20:08:38.371712,Christopher Thomas,08:55:04,"East Christy, North Carolina, Kenya - 87161",ELEC-SM-0002,4,Debit Card
2025-04-23 12:56:22.299840,Katherine Grimes,04:20:41,"South Stacey, Kansas, Morocco - 92775",APPR-JNS-0007,1,Paypal
2025-05-03 06:56:16.805042,Natalie Brown,15:27:32,"Carlsonbury, Wyoming, Slovenia - 04047",APPR-JKT-0006,3,Debit Card
2025-04-27 23:49:23.664041,Katherine White,19:56:33,"Thompsonbury, Utah, Timor-Leste - 15670",GROC-VEG-0003,4,Debit Card
2025-04-07 23:52:51.339981,Elizabeth Grant,17:02:21,"Kaitlynshire, Mississippi, Antigua and Barbuda - 79069",FURN-CAB-0001,5,Paypal
2025-04-12 04:44:32.772027,Anthony Allen,11:29:06,"New Vicki, Mississippi, Belarus - 97494",APPR-JNS-0012,4,Paypal
2025-04-19 17:22:16.725015,Mary Strickland,09:22:09,"Steelefurt, Indiana, China - 03023",GROC-BEV-0007,1,Paypal
2025-04-11 04:46:15.054399,Chad Hall,01:08:23,"Lake Michael, Louisiana, Mexico - 34799",AUTO-FIL-0002,4,Debit Card
2025-04-15 00:17:38.591599,Kari Maxwell,12:50:11,"Williamport, North Carolina, Switzerland - 88794",FURN-CHR-0005,3,Debit Card
2025-04-04 15:25:07.744051,Jacqueline Foster,03:46:21,"East Joshuamouth, Washington, Zimbabwe - 71214",APPR-SHS-0010,4,Paypal
2025-04-17 03:07:57.354423,Jacqueline Lyons,07:54:51,"Rebeccafort, Georgia, Jordan - 84396",ELEC-SM-0011,2,Debit Card
2025-04-09 17:18:26.044034,Heidi Thornton,14:46:24,"New Kathy, Colorado, Switzerland - 85897",GROC-SNK-0001,1,Credit Card
2025-04-08 16:23:10.842103,Carrie Rodriguez,16:53:12,"South Lisa, Rhode Island, Northern Mariana Islands - 93141",AUTO-FIL-0005,3,Debit Card
2025-04-07 02:57:12.098014,Jill Pena,01:34:14,"Timothystad, Utah, Zambia - 53698",GROC-VEG-0001,5,Credit Card
2025-04-20 16:30:20.089739,Barbara Jones,05:26:05,"Wallaceville, Pennsylvania, Albania - 77200",APPR-JNS-0019,5,Debit Card
2025-04-05 07:50:05.716084,Robert Wyatt,08:32:38,"Meghanfort, Oklahoma, Kiribati - 01424",GROC-FRT-0001,3,Credit Card
2025-05-03 09:14:31.784081,Julie Jacobs,04:57:23,"Jonesberg, Idaho, Costa Rica - 64308",AUTO-OIL-0013,1,Credit Card
2025-04-06 14:35:01.547918,Todd Gardner,00:56:41,"West Gregoryview, New Jersey, Korea - 71364",AUTO-BAT-0002,3,Credit Card
2025-04-06 06:41:06.438595,Laura Salas,11:22:47,"East Arianahaven, Montana, Japan - 78832",AUTO-FIL-0009,2,Paypal
2025-04-11 05:25:03.510676,Latoya Rivers DVM,18:39:43,"Brendaton, Oregon, Anguilla - 13229",FURN-CHR-0009,1,Paypal
2025-05-01 21:58:42.179101,Timothy Juarez,07:03:45,"Lake Bruceberg, Montana, New Zealand - 41547",ELEC-CAM-0003,1,Credit Card
2025-04-21 11:14:02.836731,Tiffany Stafford,04:10:50,"East Austinfort, New Hampshire, South Africa - 49738",APPR-JNS-0002,4,Paypal
2025-04-15 09:54:59.149364,Maria Jones,09:35:04,"North Zoe, Massachusetts, Antigua and Barbuda - 27270",GROC-VEG-0006,5,Debit Card
2025-04-08 20:10:02.188548,Brittney Daugherty,07:19:11,"Stephensstad, Wyoming, Nigeria - 43543",GROC-BEV-0011,4,Paypal
2025-04-06 23:54:57.202774,Larry Manning,08:54:26,"Crossborough, Georgia, Romania - 58036",AUTO-FIL-0009,5,Paypal
2025-05-03 11:17:31.230542,Dylan Thompson,00:42:01,"Claytonton, Tennessee, Sao Tome and Principe - 24749",APPR-SHS-0003,3,Debit Card
2025-04-21 23:09:16.734717,Amanda Nolan,21:51:11,"Gregoryville, North Carolina, Tajikistan - 53506",FURN-CAB-0005,1,Credit Card
2025-05-01 19:07:40.287006,Jordan Rodriguez,01:55:00,"New Linda, Wisconsin, Guyana - 26693",FURN-CHR-0020,2,Credit Card
2025-04-04 00:42:23.368872,Stephanie Howard,18:17:00,"Port Ryanshire, Maryland, Cuba - 54044",GROC-SNK-0001,1,Credit Card
2025-04-06 03:34:34.122566,Anthony Skinner,19:06:07,"New John, Montana, Benin - 96102",ELEC-TAB-0012,1,Credit Card
2025-04-19 17:20:04.525967,Dr. Samantha Martin,18:13:00,"Christianchester, Missouri, Barbados - 93297",AUTO-FIL-0007,5,Debit Card
2025-05-01 03:13:45.999880,Jennifer Delacruz,18:11:35,"Murphybury, Washington, Malta - 78040",ELEC-TAB-0008,5,Debit Card
2025-04-11 10:32:19.042398,Sean Baker,22:08:59,"Jenniferville, Kentucky, Belize - 43797",AUTO-BAT-0008,1,Credit Card
2025-04-17 20:07:59.895921,Jeffrey Gonzalez,12:19:17,"Monicastad, New York, Zambia - 16492",FURN-CHR-0011,4,Paypal
2025-04-22 16:22:32.916968,Brittany Wright,13:28:12,"East Markstad, Kentucky, British Indian Ocean Territory (Chagos Archipelago) - 49972",FURN-BED-0005,5,Paypal
2025-04-07 15:36:12.403977,Robert Smith,20:57:41,"East Catherineburgh, Kansas, Zambia - 09281",APPR-SHS-0001,1,Paypal
2025-04-08 08:31:24.486382,Brandon Mathews,00:06:36,"Mcconnellville, Florida, Lithuania - 20730",GROC-VEG-0001,5,Debit Card
2025-04-17 07:04:51.330301,Vanessa Schroeder,03:39:35,"West Lindsey, Wisconsin, Cayman Islands - 85678",ELEC-LAP-0011,2,Credit Card
2025-04-03 20:03:48.966578,Kelsey Potter,21:11:06,"Longfurt, West Virginia, New Caledonia - 31157",GROC-VEG-0004,5,Debit Card
